Gold,DXY
1186.0,91.08000183105469
1203.9000244140625,91.37999725341797
1219.300048828125,91.5
1210.5999755859375,91.88999938964844
1208.4000244140625,92.37000274658203
1216.0,91.94000244140625
1232.699951171875,91.9800033569336
1234.300048828125,92.30999755859375
1234.4000244140625,92.16000366210938
1264.699951171875,92.3499984741211
1276.9000244140625,92.5199966430664
1294.199951171875,93.05000305175781
1293.699951171875,92.9000015258789
1300.699951171875,94.23999786376953
1292.5999755859375,95.0
1279.4000244140625,94.80000305175781
1291.699951171875,94.0199966430664
1285.9000244140625,94.47000122070312
1254.5999755859375,94.77999877929688
1278.5,94.80000305175781
1276.199951171875,94.5
1259.699951171875,93.5999984741211
1263.800048828125,93.98999786376953
1262.0,94.69999694824219
1233.9000244140625,94.69999694824219
1240.800048828125,94.44999694824219
1231.5999755859375,94.76000213623047
1219.0,94.98999786376953
1220.0999755859375,94.08999633789062
1226.5,94.19999694824219
1208.0999755859375,94.05999755859375
1199.699951171875,94.19999694824219
1207.0999755859375,94.4000015258789
1204.4000244140625,94.25
1200.300048828125,94.56999969482422
1196.9000244140625,94.48999786376953
1201.0,94.20999908447266
1209.5999755859375,95.29000091552734
1212.5999755859375,95.25
1207.699951171875,95.45999908447266
1204.0,95.37999725341797
1200.5999755859375,95.97000122070312
1195.9000244140625,96.37999725341797
1164.0999755859375,97.62000274658203
1166.4000244140625,97.58999633789062
1160.0999755859375,98.62000274658203
1150.699951171875,99.80000305175781
1152.0999755859375,99.1500015258789
1152.5999755859375,100.33000183105469
1153.300048828125,99.5999984741211
1148.300048828125,99.58999633789062
1151.4000244140625,98.55000305175781
1169.0999755859375,99.0999984741211
1184.800048828125,97.91000366210938
1188.0,97.02999877929688
1191.699951171875,97.19000244140625
1197.300048828125,96.9800033569336
1205.0999755859375,97.44000244140625
1199.800048828125,97.29000091552734
1184.800048828125,97.9800033569336
1183.0999755859375,98.36000061035156
1208.0999755859375,98.19000244140625
1200.9000244140625,97.44000244140625
1218.5999755859375,97.11000061035156
1210.5999755859375,97.83000183105469
1203.0999755859375,98.06999969482422
1193.5999755859375,99.16000366210938
1204.5999755859375,99.38999938964844
1199.300048828125,99.48999786376953
1192.800048828125,98.76000213623047
1201.5,98.33000183105469
1198.0,97.41999816894531
1202.9000244140625,97.5199966430664
1193.5,97.94000244140625
1202.9000244140625,97.9800033569336
1186.9000244140625,98.0199966430664
1194.4000244140625,97.27999877929688
1175.199951171875,96.91999816894531
1203.300048828125,96.7699966430664
1214.0,96.08999633789062
1209.800048828125,95.12000274658203
1182.4000244140625,94.5999984741211
1174.5,95.30000305175781
1186.800048828125,95.4800033569336
1193.199951171875,95.12999725341797
1190.300048828125,94.12999725341797
1182.4000244140625,94.62000274658203
1189.0999755859375,94.79000091552734
1183.199951171875,95.01000213623047
1192.5999755859375,94.52999877929688
1218.4000244140625,93.62000274658203
1225.4000244140625,93.36000061035156
1225.5,93.13999938964844
1227.800048828125,94.19000244140625
1206.9000244140625,95.2699966430664
1208.9000244140625,95.44999694824219
1204.4000244140625,95.26000213623047
1204.300048828125,96.01000213623047
1187.199951171875,97.30000305175781
1185.9000244140625,97.37000274658203
1188.0999755859375,96.97000122070312
1189.4000244140625,96.91000366210938
1188.300048828125,97.38999938964844
1194.0999755859375,95.83999633789062
1184.699951171875,95.47000122070312
1174.9000244140625,95.45999908447266
1167.800048828125,96.30999755859375
1173.199951171875,95.30000305175781
1177.300048828125,95.16999816894531
1186.0999755859375,94.6500015258789
1179.9000244140625,94.9800033569336
1178.800048828125,94.97000122070312
1185.300048828125,94.80999755859375
1180.5,95.0
1176.4000244140625,94.30000305175781
1201.5,94.04000091552734
1201.5,94.08999633789062
1183.699951171875,94.33000183105469
1176.199951171875,95.43000030517578
1172.5999755859375,95.26000213623047
1171.5,95.19000244140625
1172.9000244140625,95.47000122070312
1178.5,94.79000091552734
1171.5,95.48999786376953
1169.0,96.30999755859375
1163.0,96.11000061035156
1172.9000244140625,96.30000305175781
1152.4000244140625,96.87000274658203
1163.300048828125,96.29000091552734
1159.0,96.61000061035156
1157.699951171875,96.02999877929688
1155.199951171875,96.86000061035156
1153.300048828125,96.63999938964844
1147.199951171875,97.12999725341797
1143.800048828125,97.66000366210938
1131.800048828125,97.86000061035156
1106.699951171875,98.02999877929688
1103.4000244140625,97.33000183105469
1091.4000244140625,97.5999984741211
1094.0,97.12000274658203
1085.5999755859375,97.23999786376953
1096.5,96.5
1096.300048828125,96.7699966430664
1092.699951171875,96.9800033569336
1088.4000244140625,97.55999755859375
1094.9000244140625,97.37000274658203
1089.4000244140625,97.48999786376953
1090.699951171875,97.93000030517578
1085.699951171875,97.95999908447266
1090.199951171875,97.83000183105469
1094.0999755859375,97.55999755859375
1104.199951171875,97.16000366210938
1107.5999755859375,97.29000091552734
1123.199951171875,96.26000213623047
1115.699951171875,96.44999694824219
1112.9000244140625,96.56999969482422
1118.5999755859375,96.81999969482422
1117.0999755859375,96.97000122070312
1128.0999755859375,96.45999908447266
1153.0,95.75
1159.5999755859375,94.83000183105469
1153.4000244140625,93.30999755859375
1138.199951171875,94.52999877929688
1124.5999755859375,95.0999984741211
1122.4000244140625,95.61000061035156
1133.0999755859375,96.11000061035156
1131.5999755859375,95.94999694824219
1138.699951171875,95.44999694824219
1132.5,95.83000183105469
1123.699951171875,96.41000366210938
1120.5999755859375,96.2300033569336
1120.4000244140625,95.87999725341797
1102.199951171875,96.01000213623047
1109.5,95.45999908447266
1103.5,95.19000244140625
1107.699951171875,95.25
1102.800048828125,95.61000061035156
1119.199951171875,95.41999816894531
1117.300048828125,94.55000305175781
1138.0999755859375,94.86000061035156
1133.0999755859375,95.88999938964844
1125.0,96.27999877929688
1131.5999755859375,96.06999969482422
1153.800048828125,95.98999786376953
1146.0,96.2699966430664
1132.0,96.02999877929688
1127.0999755859375,95.88999938964844
1115.5,96.3499984741211
1114.199951171875,96.19000244140625
1137.0999755859375,95.83000183105469
1138.0999755859375,96.11000061035156
1146.800048828125,95.45999908447266
1149.0,95.5
1144.699951171875,95.31999969482422
1156.300048828125,94.80999755859375
1164.9000244140625,94.83999633789062
1165.800048828125,94.76000213623047
1180.0999755859375,93.93000030517578
1187.9000244140625,94.37000274658203
1183.5999755859375,94.54000091552734
1173.300048828125,94.95999908447266
1178.0,94.8499984741211
1167.5999755859375,95.05000305175781
1166.5999755859375,96.33999633789062
1163.300048828125,97.06999969482422
1167.0,96.86000061035156
1166.800048828125,96.91000366210938
1177.0999755859375,97.77999877929688
1147.199951171875,97.27999877929688
1141.5,96.94999694824219
1135.800048828125,96.93000030517578
1114.199951171875,97.16000366210938
1106.5,97.94999694824219
1104.4000244140625,97.94000244140625
1087.5999755859375,99.16000366210938
1087.9000244140625,98.9800033569336
1088.199951171875,99.29000091552734
1084.699951171875,99.01000213623047
1080.800048828125,98.6500015258789
1080.800048828125,98.98999786376953
1083.699951171875,99.44000244140625
1068.699951171875,99.62999725341797
1068.800048828125,99.6500015258789
1078.0,98.98999786376953
1076.4000244140625,99.56999969482422
1066.800048828125,99.80000305175781
1074.300048828125,99.52999877929688
1070.5,99.80000305175781
1056.199951171875,100.0199966430664
1065.800048828125,100.16999816894531
1063.800048828125,99.80000305175781
1054.199951171875,99.98999786376953
1061.699951171875,97.62000274658203
1084.5,98.3499984741211
1076.4000244140625,98.66000366210938
1076.300048828125,98.47000122070312
1077.5999755859375,97.3499984741211
1073.0999755859375,97.94000244140625
1076.9000244140625,97.56999969482422
1064.699951171875,97.5999984741211
1062.9000244140625,98.22000122070312
1078.0,97.87000274658203
1050.800048828125,99.2699966430664
1066.199951171875,98.69999694824219
1081.9000244140625,98.45999908447266
1074.800048828125,98.23999786376953
1069.4000244140625,98.33999633789062
1077.199951171875,97.9800033569336
1070.5,97.91999816894531
1077.5,98.0999984741211
1060.0999755859375,98.2699966430664
1060.300048828125,98.62999725341797
1075.0999755859375,98.87000274658203
1078.4000244140625,99.4000015258789
1091.9000244140625,99.18000030517578
1107.699951171875,98.22000122070312
1097.800048828125,98.54000091552734
1096.5,98.7300033569336
1085.5999755859375,98.97000122070312
1087.5,98.93000030517578
1073.9000244140625,99.08999633789062
1091.5,98.95999908447266
1089.9000244140625,98.98999786376953
1107.0999755859375,99.08999633789062
1099.0999755859375,99.05999755859375
1097.199951171875,99.56999969482422
1106.199951171875,99.36000061035156
1121.699951171875,99.36000061035156
1116.0999755859375,98.9000015258789
1115.5999755859375,98.51000213623047
1116.4000244140625,99.61000061035156
1127.9000244140625,99.0
1127.300048828125,98.87000274658203
1141.300048828125,97.29000091552734
1157.5999755859375,96.47000122070312
1157.800048828125,97.02999877929688
1197.9000244140625,96.56999969482422
1198.699951171875,96.06999969482422
1194.699951171875,95.88999938964844
1247.9000244140625,95.55999755859375
1239.0999755859375,95.9800033569336
1207.9000244140625,96.87000274658203
1211.0999755859375,96.79000091552734
1226.0999755859375,96.94999694824219
1230.4000244140625,96.5999984741211
1209.5,97.37999725341797
1222.300048828125,97.4800033569336
1238.699951171875,97.45999908447266
1238.199951171875,97.29000091552734
1219.800048828125,98.1500015258789
1233.9000244140625,98.20999908447266
1230.300048828125,98.3499984741211
1241.0999755859375,98.20999908447266
1257.4000244140625,97.56999969482422
1269.9000244140625,97.33999633789062
1263.199951171875,97.06999969482422
1262.0999755859375,97.20999908447266
1256.5999755859375,97.16999816894531
1272.0,96.06999969482422
1258.699951171875,96.16999816894531
1244.4000244140625,96.62000274658203
1230.4000244140625,96.62999725341797
1229.300048828125,95.88999938964844
1264.5,94.76000213623047
1253.800048828125,94.98999786376953
1243.800048828125,95.29000091552734
1248.199951171875,95.6500015258789
1223.699951171875,96.05000305175781
1221.4000244140625,96.13999938964844
1219.9000244140625,95.94000244140625
1235.5999755859375,95.16000366210938
1226.9000244140625,94.83999633789062
1234.199951171875,94.58999633789062
1222.199951171875,94.62000274658203
1218.0,94.51000213623047
1228.4000244140625,94.62999725341797
1222.5,94.43000030517578
1236.199951171875,94.4800033569336
1242.5,94.23999786376953
1256.699951171875,93.94999694824219
1259.4000244140625,93.95999908447266
1246.800048828125,94.73999786376953
1225.0,94.9000015258789
1233.0999755859375,94.69999694824219
1233.5999755859375,94.48999786376953
1253.0,93.9800033569336
1253.199951171875,94.48999786376953
1249.0,94.5999984741211
1228.699951171875,95.12000274658203
1238.9000244140625,94.83999633789062
1242.199951171875,94.56999969482422
1249.199951171875,94.38999938964844
1265.5,93.76000213623047
1289.199951171875,93.08000183105469
1294.699951171875,92.62999725341797
1290.699951171875,92.94000244140625
1273.300048828125,93.18000030517578
1271.4000244140625,93.77999877929688
1292.9000244140625,93.88999938964844
1265.5999755859375,94.1500015258789
1263.9000244140625,94.29000091552734
1274.5999755859375,93.81999969482422
1270.300048828125,94.13999938964844
1271.9000244140625,94.61000061035156
1273.4000244140625,94.56999969482422
1276.199951171875,94.55000305175781
1273.699951171875,95.08000183105469
1254.199951171875,95.29000091552734
1252.4000244140625,95.30999755859375
1251.0999755859375,95.2300033569336
1228.9000244140625,95.56999969482422
1223.5,95.3499984741211
1220.0999755859375,95.16999816894531
1213.800048828125,95.5199966430664
1214.800048828125,95.88999938964844
1211.9000244140625,95.45999908447266
1209.800048828125,95.55999755859375
1240.0999755859375,94.02999877929688
1244.5999755859375,93.9000015258789
1244.4000244140625,93.83000183105469
1259.800048828125,93.58999633789062
1270.199951171875,94.0999984741211
1273.4000244140625,94.5999984741211
1284.4000244140625,94.37000274658203
1285.5999755859375,94.93000030517578
1285.800048828125,94.61000061035156
1296.0999755859375,94.56999969482422
1292.5,94.20999908447266
1290.0,93.61000061035156
1270.5,94.0199966430664
1268.0,93.72000122070312
1261.199951171875,93.52999877929688
1320.0,95.44999694824219
1322.5,96.54000091552734
1315.300048828125,96.25
1323.9000244140625,95.7699966430664
1318.4000244140625,96.13999938964844
1336.699951171875,95.6500015258789
1356.4000244140625,96.16999816894531
1364.9000244140625,96.05999755859375
1360.0999755859375,96.33000183105469
1356.5999755859375,96.30000305175781
1355.0,96.56999969482422
1334.0999755859375,96.44000244140625
1342.4000244140625,96.22000122070312
1331.300048828125,96.08000183105469
1326.5,96.58000183105469
1328.4000244140625,96.55999755859375
1331.5,97.05000305175781
1318.800048828125,97.19999694824219
1330.5,97.0
1323.0999755859375,97.47000122070312
1319.300048828125,97.29000091552734
1320.699951171875,97.16000366210938
1326.5999755859375,97.05000305175781
1332.300048828125,96.73999786376953
1349.0,95.52999877929688
1351.4000244140625,95.70999908447266
1364.4000244140625,95.05999755859375
1356.0999755859375,95.55999755859375
1358.800048828125,95.76000213623047
1336.4000244140625,96.19000244140625
1333.4000244140625,96.4000015258789
1339.0,96.18000030517578
1344.300048828125,95.6500015258789
1342.5,95.86000061035156
1335.800048828125,95.72000122070312
1340.300048828125,95.62999725341797
1350.5,94.79000091552734
1342.699951171875,94.72000122070312
1351.199951171875,94.16000366210938
1340.4000244140625,94.51000213623047
1337.699951171875,94.5199966430664
1340.5999755859375,94.54000091552734
1324.4000244140625,94.79000091552734
1320.0999755859375,94.7699966430664
1321.5,95.56999969482422
1322.9000244140625,95.58000183105469
1311.699951171875,96.05000305175781
1306.9000244140625,96.0199966430664
1312.199951171875,95.6500015258789
1322.0999755859375,95.87999725341797
1349.4000244140625,94.81999969482422
1344.300048828125,94.95999908447266
1336.800048828125,95.02999877929688
1330.0999755859375,95.33999633789062
1321.0,95.0999984741211
1319.0,95.62999725341797
1321.5,95.33000183105469
1313.5,95.29000091552734
1305.800048828125,96.11000061035156
1313.5,95.83999633789062
1313.699951171875,96.0199966430664
1326.9000244140625,95.66000366210938
1340.4000244140625,95.44999694824219
1337.199951171875,95.4800033569336
1339.699951171875,95.30999755859375
1325.9000244140625,95.44000244140625
1319.4000244140625,95.43000030517578
1321.699951171875,95.54000091552734
1313.300048828125,95.45999908447266
1309.0,95.75
1266.300048828125,96.12000274658203
1265.199951171875,96.12999725341797
1249.800048828125,96.66000366210938
1248.9000244140625,96.5199966430664
1253.0,97.69999694824219
1251.0999755859375,97.97000122070312
1255.0,97.5199966430664
1253.0999755859375,98.0199966430664
1254.4000244140625,97.88999938964844
1260.800048828125,97.9000015258789
1267.9000244140625,97.87000274658203
1265.5999755859375,98.31999969482422
1265.9000244140625,98.69999694824219
1262.0,98.66999816894531
1271.9000244140625,98.72000122070312
1264.800048828125,98.62999725341797
1267.9000244140625,98.88999938964844
1275.5,98.3499984741211
1271.5,98.44999694824219
1286.4000244140625,97.69999694824219
1306.800048828125,97.4000015258789
1302.0999755859375,97.16000366210938
1303.300048828125,97.06999969482422
1278.300048828125,97.77999877929688
1273.4000244140625,97.86000061035156
1272.5999755859375,98.5
1265.5,98.79000091552734
1221.199951171875,100.11000061035156
1224.0,100.19000244140625
1223.4000244140625,100.41000366210938
1216.5,100.88999938964844
1208.5,101.20999908447266
1209.5999755859375,101.05000305175781
1211.0,101.04000091552734
1189.0999755859375,101.69999694824219
1178.199951171875,101.48999786376953
1190.5999755859375,101.33000183105469
1187.9000244140625,100.93000030517578
1170.800048828125,101.5
1166.9000244140625,101.04000091552734
1175.0999755859375,100.7699966430664
1174.0,100.13999938964844
1167.5999755859375,100.48999786376953
1175.0,100.2300033569336
1169.800048828125,101.06999969482422
1159.4000244140625,101.56999969482422
1163.5,100.95999908447266
1156.699951171875,101.02999877929688
1161.300048828125,102.0
1127.800048828125,103.12999725341797
1135.300048828125,102.94999694824219
1140.5,103.13999938964844
1131.5,103.29000091552734
1131.0999755859375,103.0199966430664
1128.800048828125,103.08999633789062
1131.9000244140625,103.01000213623047
1137.300048828125,103.0199966430664
1139.4000244140625,103.26000213623047
1156.4000244140625,102.68000030517578
1150.0,102.38999938964844
1160.4000244140625,103.20999908447266
1163.800048828125,102.69999694824219
1179.699951171875,101.5199966430664
1171.9000244140625,102.22000122070312
1183.5,101.93000030517578
1184.199951171875,102.01000213623047
1195.5999755859375,101.77999877929688
1198.9000244140625,101.3499984741211
1195.300048828125,101.18000030517578
1212.0,100.33000183105469
1211.300048828125,100.93000030517578
1200.9000244140625,101.1500015258789
1204.300048828125,100.73999786376953
1215.0,100.16000366210938
1210.300048828125,100.3499984741211
1197.300048828125,100.02999877929688
1189.5,100.37999725341797
1188.0999755859375,100.52999877929688
1193.199951171875,100.43000030517578
1208.5999755859375,99.51000213623047
1205.5999755859375,99.63999938964844
1216.699951171875,99.8499984741211
1218.5,99.87000274658203
1230.0,99.91000366210938
1234.199951171875,100.26000213623047
1237.5999755859375,100.27999877929688
1235.0999755859375,100.6500015258789
1234.4000244140625,100.80000305175781
1224.4000244140625,100.95999908447266
1223.9000244140625,101.25
1231.699951171875,101.18000030517578
1240.0,100.44000244140625
1237.5999755859375,100.94999694824219
1237.5,101.37000274658203
1232.0,101.33000183105469
1250.199951171875,101.05000305175781
1256.9000244140625,101.08999633789062
1257.4000244140625,101.12999725341797
1252.5999755859375,101.12000274658203
1248.9000244140625,101.77999877929688
1231.9000244140625,102.19999694824219
1225.5,101.54000091552734
1224.5,101.63999938964844
1215.0999755859375,101.80999755859375
1208.5,102.06999969482422
1202.4000244140625,101.8499984741211
1200.699951171875,101.25
1202.4000244140625,101.37999725341797
1201.9000244140625,101.69999694824219
1200.0999755859375,100.73999786376953
1226.5,100.2699966430664
1229.800048828125,100.30000305175781
1233.5999755859375,100.41000366210938
1246.0999755859375,99.80999755859375
1249.300048828125,99.68000030517578
1246.9000244140625,99.76000213623047
1248.199951171875,99.62999725341797
1255.4000244140625,99.16999816894531
1255.300048828125,99.70999908447266
1253.4000244140625,100.0
1245.0,100.41000366210938
1247.300048828125,100.3499984741211
1250.800048828125,100.54000091552734
1255.0,100.54000091552734
1245.4000244140625,100.55999755859375
1250.300048828125,100.66999816894531
1254.300048828125,101.18000030517578
1251.0999755859375,101.0199966430664
1271.199951171875,100.70999908447266
1275.300048828125,100.77999877929688
1285.9000244140625,100.55999755859375
1289.4000244140625,100.30000305175781
1291.699951171875,99.5
1281.4000244140625,99.73999786376953
1281.9000244140625,99.77999877929688
1287.4000244140625,99.9800033569336
1275.800048828125,99.08999633789062
1265.5999755859375,98.81999969482422
1262.0999755859375,98.95999908447266
1263.699951171875,99.08000183105469
1266.0999755859375,99.05000305175781
1253.300048828125,99.13999938964844
1255.0999755859375,98.9800033569336
1246.4000244140625,99.20999908447266
1226.5,98.76000213623047
1224.800048828125,98.6500015258789
1225.300048828125,99.1500015258789
1214.300048828125,99.58999633789062
1217.300048828125,99.66999816894531
1222.699951171875,99.62000274658203
1226.199951171875,99.25
1228.5999755859375,98.91000366210938
1235.0,98.11000061035156
1257.5,97.41999816894531
1251.699951171875,97.87999725341797
1252.699951171875,97.1500015258789
1260.699951171875,96.9800033569336
1254.800048828125,97.3499984741211
1252.4000244140625,97.23999786376953
1255.800048828125,97.25
1267.5999755859375,97.4000015258789
1262.0999755859375,97.27999877929688
1272.0,96.91999816894531
1267.0,97.19999694824219
1276.800048828125,96.72000122070312
1279.300048828125,96.80000305175781
1294.4000244140625,96.63999938964844
1290.0999755859375,96.75
1276.300048828125,96.91999816894531
1268.5,97.2699966430664
1266.0999755859375,97.13999938964844
1265.800048828125,96.9800033569336
1272.800048828125,96.94000244140625
1252.199951171875,97.43000030517578
1254.0,97.16000366210938
1244.199951171875,97.52999877929688
1241.0,97.75
1243.4000244140625,97.55999755859375
1247.5999755859375,97.54000091552734
1256.199951171875,97.30000305175781
1246.300048828125,97.43000030517578
1246.4000244140625,96.47000122070312
1248.0,96.05000305175781
1244.199951171875,95.62999725341797
1240.699951171875,95.66000366210938
1217.9000244140625,96.19999694824219
1220.4000244140625,96.29000091552734
1222.199951171875,95.81999969482422
1208.5999755859375,96.01000213623047
1212.0999755859375,96.05000305175781
1213.5999755859375,95.73999786376953
1218.0999755859375,95.79000091552734
1216.300048828125,95.7300033569336
1226.5999755859375,95.11000061035156
1232.800048828125,95.12999725341797
1241.0999755859375,94.66000366210938
1241.199951171875,94.80000305175781
1244.800048828125,94.2699966430664
1254.300048828125,93.94000244140625
1253.9000244140625,93.9800033569336
1251.699951171875,94.05000305175781
1249.0,93.66999816894531
1259.5999755859375,93.86000061035156
1268.4000244140625,93.26000213623047
1266.5999755859375,92.86000061035156
1272.5999755859375,93.02999877929688
1271.800048828125,92.83000183105469
1267.800048828125,92.80999755859375
1258.300048828125,93.54000091552734
1258.199951171875,93.43000030517578
1256.4000244140625,93.63999938964844
1273.0,93.5199966430664
1283.699951171875,93.4000015258789
1287.699951171875,93.06999969482422
1284.199951171875,93.45999908447266
1273.699951171875,93.8499984741211
1276.9000244140625,93.48999786376953
1286.4000244140625,93.62000274658203
1285.699951171875,93.43000030517578
1290.800048828125,93.0999984741211
1285.0999755859375,93.55000305175781
1288.9000244140625,93.1500015258789
1286.5,93.27999877929688
1292.5,92.73999786376953
1309.699951171875,92.20999908447266
1313.0999755859375,92.3499984741211
1308.0999755859375,92.87999725341797
1316.199951171875,92.66999816894531
1324.5,92.80999755859375
1339.199951171875,92.30999755859375
1333.9000244140625,92.29000091552734
1345.0999755859375,91.52999877929688
1346.0,91.33000183105469
1331.0,91.86000061035156
1328.0,91.91000366210938
1323.4000244140625,92.5199966430664
1324.699951171875,92.12000274658203
1320.4000244140625,91.87000274658203
1306.300048828125,92.05000305175781
1306.199951171875,91.79000091552734
1312.0,92.51000213623047
1290.5999755859375,92.26000213623047
1293.300048828125,92.16999816894531
1306.800048828125,92.6500015258789
1297.0,92.97000122070312
1283.4000244140625,93.36000061035156
1285.5,93.08999633789062
1281.5,93.08000183105469
1272.699951171875,93.55999755859375
1271.5,93.56999969482422
1273.699951171875,93.45999908447266
1269.9000244140625,93.95999908447266
1271.5999755859375,93.80000305175781
1281.800048828125,93.73999786376953
1290.5999755859375,93.29000091552734
1285.800048828125,92.95999908447266
1293.300048828125,93.12000274658203
1301.5,93.08999633789062
1299.9000244140625,93.27999877929688
1283.0,93.48999786376953
1279.9000244140625,93.36000061035156
1286.9000244140625,93.2699966430664
1277.4000244140625,93.69999694824219
1277.699951171875,93.94000244140625
1275.0,93.95999908447266
1275.4000244140625,93.70999908447266
1266.300048828125,94.61000061035156
1268.5,94.91999816894531
1274.0999755859375,94.48999786376953
1267.0,94.55000305175781
1274.0999755859375,94.81999969482422
1274.9000244140625,94.69000244140625
1266.5,94.94000244140625
1279.4000244140625,94.72000122070312
1273.699951171875,94.91000366210938
1281.5999755859375,94.87000274658203
1285.5999755859375,94.44000244140625
1272.4000244140625,94.38999938964844
1277.300048828125,94.48999786376953
1281.5,93.83000183105469
1276.5,93.80999755859375
1277.4000244140625,93.93000030517578
1295.800048828125,93.66000366210938
1274.5999755859375,94.08000183105469
1281.0999755859375,93.94999694824219
1291.5999755859375,93.22000122070312
1286.699951171875,92.76000213623047
1293.800048828125,92.9000015258789
1294.699951171875,93.26000213623047
1282.0999755859375,93.26000213623047
1273.199951171875,93.01000213623047
1278.800048828125,92.9000015258789
1274.300048828125,93.19000244140625
1261.5999755859375,93.37999725341797
1262.800048828125,93.61000061035156
1249.800048828125,93.80000305175781
1245.199951171875,93.9000015258789
1243.699951171875,93.87000274658203
1238.5,94.0999984741211
1245.4000244140625,93.43000030517578
1253.800048828125,93.48999786376953
1254.300048828125,93.93000030517578
1262.199951171875,93.69999694824219
1260.699951171875,93.47000122070312
1266.0999755859375,93.3499984741211
1267.300048828125,93.27999877929688
1275.4000244140625,93.3499984741211
1284.0999755859375,93.26000213623047
1287.0,93.02999877929688
1294.0999755859375,92.5999984741211
1306.300048828125,92.12000274658203
1313.699951171875,91.8499984741211
1316.199951171875,92.16000366210938
1319.4000244140625,91.8499984741211
1320.300048828125,91.94999694824219
1318.5999755859375,92.33000183105469
1311.699951171875,92.52999877929688
1317.4000244140625,92.33000183105469
1320.5999755859375,91.8499984741211
1333.4000244140625,90.97000122070312
1335.4000244140625,90.38999938964844
1338.0,90.54000091552734
1326.0,90.5
1331.9000244140625,90.56999969482422
1330.9000244140625,90.4000015258789
1335.699951171875,90.12000274658203
1355.9000244140625,89.20999908447266
1362.4000244140625,89.38999938964844
1351.5999755859375,89.06999969482422
1335.4000244140625,89.19000244140625
1339.0,89.12999725341797
1344.300048828125,88.66999816894531
1333.699951171875,89.19999694824219
1333.0,89.55000305175781
1326.0999755859375,89.58999633789062
1311.5999755859375,90.26000213623047
1316.9000244140625,90.2300033569336
1313.0999755859375,90.44000244140625
1324.199951171875,90.20999908447266
1328.0999755859375,89.69999694824219
1355.5,89.12000274658203
1352.0999755859375,88.58999633789062
1353.199951171875,89.0999984741211
1328.800048828125,89.72000122070312
1330.0,90.08000183105469
1330.5999755859375,89.75
1328.199951171875,89.87999725341797
1330.699951171875,89.81999969482422
1315.5,90.36000061035156
1315.5,90.61000061035156
1302.9000244140625,90.31999969482422
1321.0999755859375,89.94000244140625
1318.0999755859375,90.08000183105469
1333.5999755859375,89.62000274658203
1326.0,89.63999938964844
1319.9000244140625,90.12000274658203
1322.4000244140625,90.08999633789062
1319.4000244140625,89.9000015258789
1325.9000244140625,89.66000366210938
1324.4000244140625,89.69999694824219
1316.800048828125,90.13999938964844
1311.300048828125,90.2300033569336
1316.800048828125,89.9000015258789
1311.0999755859375,90.37000274658203
1320.699951171875,89.77999877929688
1326.5999755859375,89.86000061035156
1349.300048828125,89.44000244140625
1354.4000244140625,89.02999877929688
1341.300048828125,89.37000274658203
1324.199951171875,90.05999755859375
1322.800048828125,90.1500015258789
1342.0999755859375,90.05000305175781
1332.800048828125,90.19999694824219
1335.800048828125,90.13999938964844
1324.300048828125,90.45999908447266
1331.9000244140625,90.11000061035156
1336.300048828125,89.83999633789062
1342.0,89.58999633789062
1356.5,89.56999969482422
1338.4000244140625,89.75
1344.800048828125,89.80000305175781
1347.5,89.43000030517578
1347.199951171875,89.5199966430664
1351.199951171875,89.62000274658203
1346.800048828125,89.94000244140625
1336.699951171875,90.31999969482422
1322.5,90.94000244140625
1331.4000244140625,90.7699966430664
1321.199951171875,91.16999816894531
1316.300048828125,91.55999755859375
1320.300048828125,91.54000091552734
1316.199951171875,91.83999633789062
1303.800048828125,92.44999694824219
1302.5999755859375,92.51000213623047
1310.699951171875,92.41000366210938
1312.699951171875,92.56999969482422
1312.199951171875,92.75
1312.0,93.12000274658203
1311.300048828125,93.04000091552734
1320.800048828125,92.6500015258789
1319.0,92.54000091552734
1316.5,92.58999633789062
1288.9000244140625,93.22000122070312
1290.199951171875,93.38999938964844
1288.199951171875,93.47000122070312
1290.199951171875,93.63999938964844
1290.199951171875,93.68000030517578
1291.699951171875,93.61000061035156
1289.300048828125,94.01000213623047
1303.699951171875,93.77999877929688
1303.300048828125,94.19000244140625
1298.699951171875,94.83000183105469
1301.5,94.1500015258789
1300.0999755859375,93.98999786376953
1294.800048828125,94.19000244140625
1293.0999755859375,94.0199966430664
1297.5,93.88999938964844
1297.0999755859375,93.66000366210938
1298.699951171875,93.4000015258789
1298.0999755859375,93.55000305175781
1298.9000244140625,93.58000183105469
1295.0999755859375,93.80000305175781
1296.9000244140625,93.70999908447266
1304.0,94.7699966430664
1274.5999755859375,94.79000091552734
1276.199951171875,94.75
1275.5999755859375,95.08999633789062
1271.199951171875,95.05999755859375
1267.199951171875,94.87000274658203
1267.4000244140625,94.5199966430664
1265.5999755859375,94.27999877929688
1256.5999755859375,94.68000030517578
1252.800048828125,95.29000091552734
1247.800048828125,95.38999938964844
1251.300048828125,94.62999725341797
1239.800048828125,94.87000274658203
1251.5999755859375,94.58999633789062
1257.300048828125,94.47000122070312
1254.300048828125,94.04000091552734
1258.0999755859375,94.08000183105469
1253.800048828125,94.11000061035156
1242.800048828125,94.72000122070312
1245.0,94.80999755859375
1239.5999755859375,94.75
1238.0999755859375,94.51000213623047
1225.699951171875,94.97000122070312
1226.300048828125,95.08000183105469
1222.4000244140625,95.16999816894531
1229.5,94.45999908447266
1224.0,94.66999816894531
1223.9000244140625,94.61000061035156
1231.4000244140625,94.36000061035156
1225.300048828125,94.75
1222.5999755859375,94.68000030517578
1221.300048828125,94.36000061035156
1223.699951171875,94.48999786376953
1217.9000244140625,94.62000274658203
1210.5999755859375,95.16999816894531
1214.199951171875,95.13999938964844
1208.5999755859375,95.36000061035156
1209.5999755859375,95.22000122070312
1212.5999755859375,95.0999984741211
1211.9000244140625,95.5
1211.0999755859375,96.36000061035156
1191.300048828125,96.38999938964844
1193.0,96.7300033569336
1177.5,96.69999694824219
1176.199951171875,96.6500015258789
1176.5,96.0999984741211
1186.800048828125,95.9000015258789
1192.5999755859375,95.26000213623047
1196.300048828125,95.1500015258789
1187.0,95.62000274658203
1206.300048828125,95.1500015258789
1209.0,94.77999877929688
1207.4000244140625,94.72000122070312
1204.5,94.5999984741211
1197.699951171875,94.72000122070312
1200.300048828125,95.13999938964844
1192.699951171875,95.41999816894531
1194.9000244140625,95.12999725341797
1197.9000244140625,95.0199966430664
1193.5999755859375,95.37000274658203
1193.0,95.1500015258789
1195.4000244140625,95.05999755859375
1204.699951171875,94.80000305175781
1202.0,94.54000091552734
1195.0,94.9800033569336
1199.699951171875,94.51000213623047
1196.800048828125,94.62000274658203
1202.199951171875,94.55000305175781
1206.199951171875,93.91000366210938
1196.199951171875,94.22000122070312
1199.300048828125,94.26000213623047
1200.0,94.12999725341797
1194.0,94.19000244140625
1182.300048828125,95.0
1191.5,95.19000244140625
1187.0999755859375,95.30000305175781
1202.4000244140625,95.51000213623047
1198.300048828125,95.76000213623047
1197.199951171875,95.75
1201.199951171875,95.62000274658203
1184.4000244140625,95.7699966430664
1187.199951171875,95.68000030517578
1189.300048828125,95.51000213623047
1223.5,95.0199966430664
1218.0999755859375,95.22000122070312
1226.4000244140625,95.06999969482422
1227.300048828125,95.05000305175781
1223.699951171875,95.58000183105469
1226.5,95.9000015258789
1225.300048828125,95.70999908447266
1221.199951171875,96.01000213623047
1233.4000244140625,95.95999908447266
1227.800048828125,96.43000030517578
1229.0999755859375,96.68000030517578
1232.5,96.36000061035156
1224.5,96.58000183105469
1222.5999755859375,97.01000213623047
1212.300048828125,97.12999725341797
1236.0,96.27999877929688
1230.9000244140625,96.54000091552734
1229.800048828125,96.3499984741211
1223.800048828125,96.31999969482422
1226.199951171875,96.0
1222.9000244140625,96.63999938964844
1206.4000244140625,96.91000366210938
1201.300048828125,97.54000091552734
1199.199951171875,97.30000305175781
1207.9000244140625,96.80000305175781
1212.800048828125,96.93000030517578
1220.800048828125,96.47000122070312
1223.0999755859375,96.19000244140625
1219.0,96.80999755859375
1225.800048828125,96.70999908447266
1221.0,96.91999816894531
1220.199951171875,97.06999969482422
1211.199951171875,97.37000274658203
1221.4000244140625,96.79000091552734
1224.0999755859375,96.77999877929688
1220.199951171875,97.2699966430664
1233.9000244140625,97.04000091552734
1241.0999755859375,96.97000122070312
1238.0999755859375,96.80999755859375
1246.800048828125,96.51000213623047
1243.699951171875,97.22000122070312
1241.9000244140625,97.38999938964844
1244.4000244140625,97.04000091552734
1242.699951171875,97.05999755859375
1237.0,97.44000244140625
1247.4000244140625,97.0999984741211
1249.199951171875,97.13999938964844
1252.0999755859375,97.04000091552734
1263.5999755859375,96.27999877929688
1253.800048828125,96.95999908447266
1267.5,96.55000305175781
1269.199951171875,97.05000305175781
1277.300048828125,96.4800033569336
1279.9000244140625,96.38999938964844
1278.300048828125,96.16999816894531
1281.0,96.81999969482422
1291.800048828125,96.30999755859375
1282.699951171875,96.19000244140625
1286.800048828125,95.70999908447266
1283.199951171875,95.9000015258789
1289.300048828125,95.22000122070312
1284.699951171875,95.54000091552734
1287.0999755859375,95.66999816894531
1289.0999755859375,95.58999633789062
1286.199951171875,95.97000122070312
1291.5999755859375,96.05999755859375
1291.0,96.06999969482422
1281.300048828125,96.33999633789062
1282.5,96.30000305175781
1283.0999755859375,96.12000274658203
1279.0999755859375,96.5999984741211
1297.4000244140625,95.79000091552734
1302.4000244140625,95.75
1308.199951171875,95.81999969482422
1309.9000244140625,95.33999633789062
1319.699951171875,95.58000183105469
1316.9000244140625,95.58000183105469
1314.300048828125,95.8499984741211
1314.199951171875,96.0999984741211
1309.5,96.41999816894531
1309.4000244140625,96.51000213623047
1313.699951171875,96.63999938964844
1307.0,97.05999755859375
1309.199951171875,96.70999908447266
1310.800048828125,97.12999725341797
1309.800048828125,96.9800033569336
1318.0999755859375,96.91999816894531
1340.0999755859375,96.5199966430664
1343.300048828125,96.44999694824219
1323.5,96.61000061035156
1329.199951171875,96.51000213623047
1325.9000244140625,96.41000366210938
1325.0999755859375,96.0
1317.699951171875,96.1500015258789
1312.800048828125,96.16000366210938
1296.4000244140625,96.52999877929688
1284.800048828125,96.68000030517578
1282.0,96.8499984741211
1284.9000244140625,96.87000274658203
1283.800048828125,97.66999816894531
1297.0,97.37000274658203
1288.800048828125,97.22000122070312
1296.300048828125,96.94000244140625
1307.5,96.55000305175781
1293.4000244140625,96.79000091552734
1301.800048828125,96.5999984741211
1300.300048828125,96.5199966430664
1305.0,96.37999725341797
1300.5,95.76000213623047
1306.0999755859375,96.5
1311.5999755859375,96.6500015258789
1321.9000244140625,96.56999969482422
1314.300048828125,96.73999786376953
1309.9000244140625,96.7699966430664
1289.800048828125,97.19999694824219
1293.0,97.27999877929688
1288.4000244140625,97.25
1290.0,97.36000061035156
1289.9000244140625,97.08999633789062
1289.0,97.30999755859375
1290.4000244140625,97.4000015258789
1297.0999755859375,97.05000305175781
1303.5,97.01000213623047
1309.0999755859375,96.94999694824219
1288.5999755859375,97.18000030517578
1290.5999755859375,96.97000122070312
1286.800048828125,96.94000244140625
1272.5999755859375,97.04000091552734
1272.199951171875,97.01000213623047
1271.9000244140625,97.47000122070312
1273.5,97.27999877929688
1269.300048828125,97.56999969482422
1275.5,98.0999984741211
1275.800048828125,98.19999694824219
1284.9000244140625,98.01000213623047
1278.5999755859375,97.86000061035156
1282.800048828125,97.4800033569336
1281.4000244140625,97.69000244140625
1269.699951171875,97.83000183105469
1279.199951171875,97.5199966430664
1281.699951171875,97.5199966430664
1283.5,97.62999725341797
1279.4000244140625,97.62000274658203
1283.5,97.37000274658203
1285.699951171875,97.33000183105469
1300.0999755859375,97.31999969482422
1294.699951171875,97.52999877929688
1296.300048828125,97.56999969482422
1285.0,97.83999633789062
1274.5,98.0
1276.0999755859375,97.93000030517578
1272.0,98.05999755859375
1273.5999755859375,98.11000061035156
1284.800048828125,97.8499984741211
1283.0,97.61000061035156
1276.5,97.95999908447266
1280.5999755859375,98.13999938964844
1287.0999755859375,98.13999938964844
1305.800048828125,97.75
1322.699951171875,97.13999938964844
1323.4000244140625,97.06999969482422
1328.300048828125,97.37000274658203
1337.5999755859375,97.02999877929688
1341.199951171875,96.61000061035156
1324.699951171875,96.76000213623047
1326.4000244140625,96.69000244140625
1331.9000244140625,97.0
1339.199951171875,97.01000213623047
1340.0999755859375,97.56999969482422
1338.699951171875,97.55999755859375
1346.5999755859375,97.63999938964844
1344.5999755859375,97.12000274658203
1392.9000244140625,96.62999725341797
1396.199951171875,96.22000122070312
1414.300048828125,95.9800033569336
1414.9000244140625,96.16000366210938
1411.5999755859375,96.20999908447266
1408.4000244140625,96.19000244140625
1409.699951171875,96.12999725341797
1385.5999755859375,96.83999633789062
1404.5999755859375,96.7300033569336
1417.699951171875,96.7699966430664
1396.699951171875,97.25
1397.0,97.37999725341797
1397.5,97.48999786376953
1410.0999755859375,97.0999984741211
1404.300048828125,97.05000305175781
1409.9000244140625,96.80999755859375
1411.4000244140625,96.93000030517578
1409.199951171875,97.4000015258789
1421.300048828125,97.22000122070312
1426.0999755859375,96.79000091552734
1425.0999755859375,97.1500015258789
1425.300048828125,97.26000213623047
1420.0999755859375,97.70999908447266
1422.800048828125,97.7300033569336
1413.9000244140625,97.81999969482422
1418.5,98.01000213623047
1419.5999755859375,98.04000091552734
1429.699951171875,98.05000305175781
1426.0999755859375,98.5199966430664
1420.9000244140625,98.38999938964844
1445.5999755859375,98.0999984741211
1464.5999755859375,97.5
1472.4000244140625,97.62999725341797
1507.300048828125,97.54000091552734
1497.699951171875,97.62000274658203
1496.5999755859375,97.48999786376953
1505.300048828125,97.37999725341797
1502.199951171875,97.80999755859375
1515.9000244140625,97.98999786376953
1519.5999755859375,98.13999938964844
1512.5,98.13999938964844
1500.4000244140625,98.3499984741211
1504.5999755859375,98.19000244140625
1504.5999755859375,98.30000305175781
1497.300048828125,98.16999816894531
1526.5999755859375,97.63999938964844
1526.300048828125,98.08000183105469
1541.0,98.0
1537.800048828125,98.20999908447266
1526.5,98.51000213623047
1519.0999755859375,98.91999816894531
1545.9000244140625,98.94999694824219
1550.300048828125,98.44999694824219
1515.4000244140625,98.41000366210938
1506.199951171875,98.38999938964844
1502.199951171875,98.27999877929688
1490.300048828125,98.33000183105469
1494.4000244140625,98.6500015258789
1498.699951171875,98.30999755859375
1490.9000244140625,98.26000213623047
1503.0999755859375,98.6500015258789
1505.0999755859375,98.26000213623047
1507.5,98.5999984741211
1498.4000244140625,98.2699966430664
1507.300048828125,98.51000213623047
1523.699951171875,98.5999984741211
1532.0999755859375,98.33999633789062
1504.5999755859375,99.04000091552734
1507.5,99.20999908447266
1499.0999755859375,99.11000061035156
1465.699951171875,99.37999725341797
1482.0,99.12999725341797
1501.0,99.04000091552734
1507.0999755859375,98.86000061035156
1506.199951171875,98.80999755859375
1497.699951171875,98.98999786376953
1497.199951171875,99.13999938964844
1506.0999755859375,99.12000274658203
1494.800048828125,98.70999908447266
1482.699951171875,98.30000305175781
1491.699951171875,98.44999694824219
1477.5999755859375,98.29000091552734
1488.0,98.01000213623047
1492.300048828125,97.61000061035156
1488.199951171875,97.27999877929688
1482.4000244140625,97.33000183105469
1481.699951171875,97.52999877929688
1489.9000244140625,97.47000122070312
1498.9000244140625,97.62999725341797
1499.5,97.83000183105469
1490.0,97.76000213623047
1487.0,97.69000244140625
1493.199951171875,97.6500015258789
1511.4000244140625,97.3499984741211
1508.0,97.23999786376953
1508.0,97.51000213623047
1480.800048828125,97.9800033569336
1490.199951171875,97.94999694824219
1464.199951171875,98.13999938964844
1461.300048828125,98.3499984741211
1455.5,98.19999694824219
1452.0999755859375,98.30999755859375
1461.699951171875,98.37000274658203
1471.800048828125,98.16000366210938
1467.300048828125,98.0
1470.9000244140625,97.79000091552734
1473.300048828125,97.86000061035156
1473.300048828125,97.93000030517578
1463.0999755859375,97.98999786376953
1463.0999755859375,98.2699966430664
1456.5999755859375,98.31999969482422
1459.800048828125,98.25
1453.4000244140625,98.41000366210938
1465.5999755859375,98.2699966430664
1462.300048828125,97.86000061035156
1478.199951171875,97.73999786376953
1474.0,97.6500015258789
1476.9000244140625,97.41000366210938
1459.0999755859375,97.69999694824219
1459.300048828125,97.63999938964844
1462.5999755859375,97.41000366210938
1469.4000244140625,97.16000366210938
1466.699951171875,97.4000015258789
1475.5999755859375,97.16999816894531
1475.0,97.06999969482422
1474.5999755859375,97.20999908447266
1472.5999755859375,97.41000366210938
1478.199951171875,97.41999816894531
1474.699951171875,97.70999908447266
1482.5,97.66000366210938
1499.0999755859375,97.6500015258789
1509.300048828125,97.58999633789062
1513.800048828125,96.91999816894531
1514.5,96.73999786376953
1519.5,96.38999938964844
1524.5,96.8499984741211
1549.199951171875,96.83999633789062
1566.199951171875,96.66999816894531
1571.800048828125,96.9800033569336
1557.4000244140625,97.30000305175781
1551.699951171875,97.44999694824219
1557.5,97.36000061035156
1548.4000244140625,97.3499984741211
1542.4000244140625,97.37000274658203
1552.0999755859375,97.2300033569336
1549.0,97.31999969482422
1558.800048828125,97.61000061035156
1556.4000244140625,97.52999877929688
1555.300048828125,97.52999877929688
1564.5999755859375,97.69000244140625
1571.0999755859375,97.8499984741211
1576.800048828125,97.95999908447266
1569.199951171875,98.0199966430664
1569.800048828125,97.98999786376953
1583.5,97.87000274658203
1582.9000244140625,97.38999938964844
1577.199951171875,97.80000305175781
1550.4000244140625,97.95999908447266
1557.800048828125,98.2699966430664
1565.0999755859375,98.5
1568.5999755859375,98.68000030517578
1574.699951171875,98.83000183105469
1565.5999755859375,98.72000122070312
1567.4000244140625,99.05000305175781
1575.0999755859375,99.06999969482422
1582.699951171875,99.12000274658203
1600.0,99.45999908447266
1607.5,99.5999984741211
1616.5999755859375,99.87000274658203
1644.5999755859375,99.26000213623047
1672.4000244140625,99.29000091552734
1646.9000244140625,98.97000122070312
1640.0,99.0
1640.0,98.44000244140625
1564.0999755859375,98.12999725341797
1592.300048828125,97.36000061035156
1642.0999755859375,97.1500015258789
1641.0999755859375,97.33999633789062
1666.4000244140625,96.81999969482422
1670.800048828125,95.94999694824219
1674.5,94.9000015258789
1659.0999755859375,96.41000366210938
1641.4000244140625,96.51000213623047
1589.300048828125,97.47000122070312
1515.699951171875,98.75
1485.9000244140625,98.08999633789062
1524.9000244140625,99.58000183105469
1477.300048828125,101.16000366210938
1478.5999755859375,102.76000213623047
1484.0,102.81999969482422
1567.0,102.48999786376953
1660.199951171875,101.73999786376953
1632.300048828125,101.05000305175781
1650.0999755859375,99.41999816894531
1623.9000244140625,98.37000274658203
1622.0,99.18000030517578
1583.4000244140625,99.05000305175781
1578.199951171875,99.66999816894531
1625.699951171875,100.18000030517578
1633.699951171875,100.58000183105469
1677.0,100.69000244140625
1664.800048828125,99.9800033569336
1665.4000244140625,100.12000274658203
1736.199951171875,99.5199966430664
1744.800048828125,99.3499984741211
1756.699951171875,98.88999938964844
1727.199951171875,99.45999908447266
1720.4000244140625,100.02999877929688
1689.199951171875,99.77999877929688
1701.5999755859375,99.95999908447266
1678.199951171875,100.26000213623047
1728.699951171875,100.38999938964844
1733.300048828125,100.43000030517578
1723.5,100.37999725341797
1711.9000244140625,100.04000091552734
1710.5,99.87000274658203
1703.4000244140625,99.56999969482422
1684.199951171875,99.0199966430664
1694.5,98.80000305175781
1706.9000244140625,99.4800033569336
1704.4000244140625,99.70999908447266
1684.199951171875,100.08999633789062
1721.800048828125,99.88999938964844
1709.9000244140625,99.7300033569336
1695.300048828125,100.23999786376953
1704.4000244140625,99.93000030517578
1713.9000244140625,100.23999786376953
1738.0999755859375,100.47000122070312
1753.4000244140625,100.4000015258789
1731.800048828125,99.66999816894531
1744.199951171875,99.37000274658203
1750.5999755859375,99.12000274658203
1720.5,99.37000274658203
1734.5999755859375,99.86000061035156
1704.800048828125,98.91000366210938
1710.300048828125,99.05999755859375
1713.300048828125,98.37999725341797
1736.9000244140625,98.33999633789062
1737.800048828125,97.83000183105469
1725.199951171875,97.66999816894531
1697.800048828125,97.27999877929688
1718.9000244140625,96.68000030517578
1676.199951171875,96.94000244140625
1698.300048828125,96.62000274658203
1714.699951171875,96.31999969482422
1713.300048828125,95.95999908447266
1732.0,96.7300033569336
1729.300048828125,97.31999969482422
1720.300048828125,96.68000030517578
1729.5999755859375,96.95999908447266
1729.199951171875,97.16000366210938
1724.800048828125,97.41999816894531
1745.9000244140625,97.62000274658203
1756.699951171875,97.04000091552734
1772.0999755859375,96.69000244140625
1765.800048828125,97.1500015258789
1762.0999755859375,97.43000030517578
1772.5,97.5
1774.800048828125,97.54000091552734
1793.0,97.38999938964844
1773.199951171875,97.19999694824219
1784.0,97.31999969482422
1788.5,96.79000091552734
1804.199951171875,96.87999725341797
1815.5,96.43000030517578
1799.199951171875,96.69999694824219
1798.199951171875,96.6500015258789
1811.0,96.45999908447266
1810.5999755859375,96.26000213623047
1811.4000244140625,96.08000183105469
1798.699951171875,96.3499984741211
1808.300048828125,95.94000244140625
1815.9000244140625,95.83000183105469
1842.4000244140625,95.12000274658203
1864.0999755859375,94.97000122070312
1889.0999755859375,94.69000244140625
1897.300048828125,94.44000244140625
1931.0,93.66999816894531
1944.699951171875,93.76000213623047
1953.5,93.26000213623047
1942.300048828125,93.0199966430664
1962.800048828125,93.48999786376953
1966.0,93.5
2001.199951171875,93.37999725341797
2031.0999755859375,92.83000183105469
2051.5,92.79000091552734
2010.0999755859375,93.44000244140625
2024.4000244140625,93.58000183105469
1932.5999755859375,93.62999725341797
1934.9000244140625,93.44000244140625
1956.699951171875,93.33999633789062
1937.0,93.0999984741211
1985.0,92.8499984741211
1999.4000244140625,92.2699966430664
1958.699951171875,92.88999938964844
1933.800048828125,92.79000091552734
1934.5999755859375,93.25
1927.699951171875,93.30000305175781
1911.800048828125,93.0199966430664
1940.699951171875,93.01000213623047
1921.5999755859375,93.01000213623047
1964.5999755859375,92.37000274658203
1967.5999755859375,92.13999938964844
1968.199951171875,92.33999633789062
1934.4000244140625,92.8499984741211
1927.5999755859375,92.73999786376953
1923.9000244140625,92.72000122070312
1933.0,93.4800033569336
1944.699951171875,93.26000213623047
1954.199951171875,93.33999633789062
1937.800048828125,93.33000183105469
1953.0999755859375,93.06999969482422
1956.300048828125,93.05000305175781
1960.199951171875,93.20999908447266
1940.0,92.97000122070312
1952.0999755859375,92.93000030517578
1901.199951171875,93.54000091552734
1898.5999755859375,93.98999786376953
1859.9000244140625,94.38999938964844
1868.300048828125,94.3499984741211
1857.699951171875,94.58000183105469
1872.800048828125,94.26000213623047
1894.300048828125,93.88999938964844
1887.5,93.88999938964844
1908.4000244140625,93.70999908447266
1900.199951171875,93.83999633789062
1912.5,93.51000213623047
1901.0999755859375,93.83000183105469
1883.5999755859375,93.62999725341797
1888.5999755859375,93.61000061035156
1919.5,93.05999755859375
1922.5,93.06999969482422
1888.5,93.52999877929688
1901.300048828125,93.37999725341797
1903.199951171875,93.86000061035156
1900.800048828125,93.68000030517578
1906.4000244140625,93.43000030517578
1910.4000244140625,93.06999969482422
1924.5999755859375,92.61000061035156
1901.0999755859375,92.94999694824219
1902.0,92.7699966430664
1902.699951171875,93.05000305175781
1908.800048828125,92.94000244140625
1876.199951171875,93.41000366210938
1865.5999755859375,93.95999908447266
1877.4000244140625,94.04000091552734
1890.4000244140625,94.05000305175781
1908.5,93.55000305175781
1894.5999755859375,93.41000366210938
1945.300048828125,92.52999877929688
1950.300048828125,92.2300033569336
1853.199951171875,92.7300033569336
1875.4000244140625,92.75
1860.699951171875,93.04000091552734
1872.5999755859375,92.95999908447266
1885.699951171875,92.76000213623047
1887.300048828125,92.56999969482422
1884.5,92.41999816894531
1873.5,92.31999969482422
1861.0999755859375,92.29000091552734
1872.5999755859375,92.38999938964844
1837.800048828125,92.51000213623047
1804.800048828125,92.2300033569336
1805.699951171875,91.98999786376953
1781.9000244140625,91.79000091552734
1775.699951171875,91.87000274658203
1814.0999755859375,91.30999755859375
1825.699951171875,91.12000274658203
1836.800048828125,90.70999908447266
1835.9000244140625,90.69999694824219
1861.800048828125,90.79000091552734
1870.800048828125,90.97000122070312
1834.5999755859375,91.08999633789062
1833.5999755859375,90.79000091552734
1839.800048828125,90.9800033569336
1828.699951171875,90.70999908447266
1852.300048828125,90.47000122070312
1856.0999755859375,90.44999694824219
1887.199951171875,89.81999969482422
1885.699951171875,90.0199966430664
1879.199951171875,90.04000091552734
1866.5999755859375,90.6500015258789
1874.699951171875,90.41000366210938
1879.9000244140625,90.33000183105469
1877.199951171875,90.33999633789062
1879.699951171875,90.01000213623047
1891.0,89.62999725341797
1893.0999755859375,89.94000244140625
1944.699951171875,89.87999725341797
1952.699951171875,89.44000244140625
1906.9000244140625,89.52999877929688
1912.300048828125,89.83000183105469
1834.0999755859375,90.0999984741211
1849.5999755859375,90.54000091552734
1842.9000244140625,90.05000305175781
1853.5999755859375,90.31999969482422
1850.300048828125,90.23999786376953
1829.300048828125,90.77999877929688
1839.5,90.5
1865.9000244140625,90.47000122070312
1865.300048828125,90.12999725341797
1855.699951171875,90.23999786376953
1854.9000244140625,90.38999938964844
1850.699951171875,90.16999816894531
1844.9000244140625,90.6500015258789
1837.9000244140625,90.45999908447266
1847.300048828125,90.58000183105469
1860.800048828125,91.0199966430664
1830.5,91.19999694824219
1832.199951171875,91.12000274658203
1788.9000244140625,91.52999877929688
1810.9000244140625,91.04000091552734
1831.9000244140625,90.93000030517578
1835.300048828125,90.44000244140625
1840.5999755859375,90.37000274658203
1824.9000244140625,90.41999816894531
1821.5999755859375,90.4800033569336
1797.199951171875,90.51000213623047
1771.0999755859375,90.94999694824219
1773.4000244140625,90.58999633789062
1775.800048828125,90.36000061035156
1806.699951171875,90.01000213623047
1804.4000244140625,90.16999816894531
1796.4000244140625,90.18000030517578
1774.4000244140625,90.12999725341797
1728.0999755859375,90.93000030517578
1722.5,91.04000091552734
1733.0999755859375,90.79000091552734
1715.300048828125,90.94999694824219
1700.199951171875,91.62999725341797
1698.0,91.9800033569336
1677.699951171875,92.30999755859375
1716.5999755859375,91.95999908447266
1721.5,91.79000091552734
1722.300048828125,91.41999816894531
1719.5,91.68000030517578
1728.9000244140625,91.83000183105469
1730.5999755859375,91.87000274658203
1726.800048828125,91.4000015258789
1732.199951171875,91.8499984741211
1741.4000244140625,91.91999816894531
1737.800048828125,91.80000305175781
1724.699951171875,92.33999633789062
1732.9000244140625,92.52999877929688
1724.9000244140625,92.87999725341797
1732.199951171875,92.7699966430664
1712.0999755859375,92.94000244140625
1683.9000244140625,93.30000305175781
1713.800048828125,93.2300033569336
1726.5,92.93000030517578
1727.0,92.5999984741211
1741.5,92.33999633789062
1740.0999755859375,92.45999908447266
1756.800048828125,92.05999755859375
1743.300048828125,92.16000366210938
1731.199951171875,92.13999938964844
1746.199951171875,91.8499984741211
1734.9000244140625,91.69000244140625
1765.4000244140625,91.66999816894531
1779.0,91.55999755859375
1769.4000244140625,91.06999969482422
1777.300048828125,91.23999786376953
1792.300048828125,91.16000366210938
1781.199951171875,91.33000183105469
1777.0,90.86000061035156
1779.199951171875,90.80999755859375
1778.0,90.91000366210938
1773.199951171875,90.61000061035156
1768.0999755859375,90.61000061035156
1767.300048828125,91.27999877929688
1791.4000244140625,90.94999694824219
1775.800048828125,91.29000091552734
1784.0999755859375,91.30999755859375
1815.5,90.94999694824219
1831.0999755859375,90.2300033569336
1837.5,90.20999908447266
1835.9000244140625,90.13999938964844
1822.5999755859375,90.70999908447266
1823.800048828125,90.75
1837.9000244140625,90.31999969482422
1867.5,90.22000122070312
1867.800048828125,89.75
1881.300048828125,90.19000244140625
1881.800048828125,89.80999755859375
1876.699951171875,90.0199966430664
1884.5999755859375,89.83000183105469
1898.0999755859375,89.63999938964844
1901.300048828125,90.04000091552734
1895.699951171875,89.97000122070312
1902.5,90.02999877929688
1902.9000244140625,89.83000183105469
1907.5,89.9000015258789
1871.199951171875,90.5
1889.800048828125,90.13999938964844
1896.800048828125,89.94999694824219
1892.199951171875,90.08000183105469
1893.199951171875,90.12000274658203
1894.199951171875,90.08000183105469
1877.4000244140625,90.55999755859375
1864.0,90.5199966430664
1854.5,90.54000091552734
1859.5,91.12999725341797
1773.800048828125,91.88999938964844
1767.9000244140625,92.2300033569336
1781.800048828125,91.86000061035156
1776.300048828125,91.7300033569336
1782.300048828125,91.80000305175781
1775.5999755859375,91.81999969482422
1776.5999755859375,91.80999755859375
1779.5999755859375,91.87999725341797
1762.800048828125,92.05000305175781
1770.800048828125,92.44000244140625
1775.9000244140625,92.5999984741211
1782.5999755859375,92.2300033569336
1793.5,92.55000305175781
1801.5,92.63999938964844
1799.5999755859375,92.36000061035156
1810.0,92.12999725341797
1805.5,92.2300033569336
1809.4000244140625,92.75
1824.300048828125,92.41000366210938
1828.4000244140625,92.62000274658203
1814.5,92.69000244140625
1808.699951171875,92.88999938964844
1810.9000244140625,92.97000122070312
1802.9000244140625,92.75
1805.0,92.81999969482422
1801.4000244140625,92.91000366210938
1798.699951171875,92.6500015258789
1799.5,92.43000030517578
1799.5,92.31999969482422
1831.199951171875,91.86000061035156
1812.5999755859375,92.16999816894531
1818.0999755859375,92.05000305175781
1810.0999755859375,92.08000183105469
1810.5,92.2699966430664
1805.0999755859375,92.23999786376953
1760.0,92.80000305175781
1723.4000244140625,92.94999694824219
1728.800048828125,93.05999755859375
1750.4000244140625,92.91000366210938
1749.0,93.04000091552734
1775.199951171875,92.5199966430664
1786.9000244140625,92.62999725341797
1785.0,93.12999725341797
1781.5999755859375,93.13999938964844
1780.199951171875,93.56999969482422
1781.0,93.5
1803.199951171875,92.95999908447266
1805.5999755859375,92.88999938964844
1788.199951171875,92.83000183105469
1792.199951171875,93.05999755859375
1816.5999755859375,92.69000244140625
1809.0,92.6500015258789
1815.0,92.62999725341797
1813.0999755859375,92.44999694824219
1808.699951171875,92.2300033569336
1830.9000244140625,92.04000091552734
1795.9000244140625,92.5199966430664
1790.699951171875,92.6500015258789
1797.4000244140625,92.4800033569336
1789.5999755859375,92.58000183105469
1792.0,92.62000274658203
1804.699951171875,92.6500015258789
1792.4000244140625,92.48999786376953
1754.5999755859375,92.86000061035156
1749.4000244140625,93.19999694824219
1761.800048828125,93.23999786376953
1776.0,93.19999694824219
1776.699951171875,93.45999908447266
1747.699951171875,93.0999984741211
1749.699951171875,93.33000183105469
1750.0,93.37999725341797
1735.800048828125,93.7699966430664
1721.5,94.33999633789062
1755.300048828125,94.25
1757.0,94.04000091552734
1766.199951171875,93.80999755859375
1759.5999755859375,93.9800033569336
1760.5,94.2699966430664
1757.9000244140625,94.22000122070312
1756.300048828125,94.06999969482422
1754.5999755859375,94.31999969482422
1758.300048828125,94.5199966430664
1793.699951171875,94.08000183105469
1796.699951171875,93.95999908447266
1767.199951171875,93.94000244140625
1764.800048828125,93.94999694824219
1769.699951171875,93.79000091552734
1784.0999755859375,93.55999755859375
1781.199951171875,93.7699966430664
1795.5,93.61000061035156
1806.0,93.80999755859375
1792.699951171875,93.94999694824219
1797.9000244140625,93.86000061035156
1801.5999755859375,93.3499984741211
1783.0,94.12000274658203
1795.0999755859375,93.87999725341797
1788.699951171875,94.08999633789062
1763.5999755859375,93.86000061035156
1793.0,94.3499984741211
1816.4000244140625,94.31999969482422
1827.4000244140625,94.05000305175781
1830.199951171875,93.95999908447266
1847.5999755859375,94.8499984741211
1863.199951171875,95.18000030517578
1867.9000244140625,95.12999725341797
1866.0999755859375,95.41000366210938
1853.5999755859375,95.91999816894531
1869.699951171875,95.83000183105469
1861.0,95.54000091552734
1851.199951171875,96.06999969482422
1806.0,96.5
1783.5,96.48999786376953
1784.0999755859375,96.83999633789062
1785.300048828125,96.08999633789062
1782.300048828125,96.33999633789062
1773.5999755859375,95.98999786376953
1781.5999755859375,96.05000305175781
1760.699951171875,96.12999725341797
1782.0,96.12000274658203
1777.5,96.29000091552734
1782.5999755859375,96.37000274658203
1783.4000244140625,95.88999938964844
1774.5999755859375,96.2699966430664
1782.9000244140625,96.05000305175781
1786.300048828125,96.31999969482422
1770.4000244140625,96.56999969482422
1762.5999755859375,96.51000213623047
1796.5999755859375,96.04000091552734
1803.800048828125,96.56999969482422
1793.699951171875,96.55000305175781
1787.9000244140625,96.48999786376953
1801.5999755859375,96.08000183105469
1811.199951171875,96.0199966430664
1808.0999755859375,96.08999633789062
1810.199951171875,96.19999694824219
1805.0999755859375,95.93000030517578
1812.699951171875,95.97000122070312
1827.5,95.66999816894531
1799.4000244140625,96.23999786376953
1814.0,96.29000091552734
1824.5999755859375,96.19000244140625
1788.699951171875,96.25
1797.0,95.73999786376953
1798.4000244140625,95.98999786376953
1818.5999755859375,95.62000274658203
1827.199951171875,95.0
1821.199951171875,94.79000091552734
1816.5,95.16999816894531
1812.300048828125,95.7300033569336
1843.0999755859375,95.51000213623047
1842.5,95.73999786376953
1831.800048828125,95.63999938964844
1841.699951171875,95.91999816894531
1852.699951171875,95.94999694824219
1829.9000244140625,96.48999786376953
1793.300048828125,97.26000213623047
1784.9000244140625,97.2699966430664
1795.0,96.54000091552734
1800.300048828125,96.38999938964844
1809.199951171875,95.94000244140625
1803.0,95.37999725341797
1806.5999755859375,95.4800033569336
1820.5999755859375,95.4000015258789
1826.5999755859375,95.63999938964844
1835.199951171875,95.48999786376953
1836.199951171875,95.55000305175781
1840.800048828125,96.08000183105469
1868.0,96.37000274658203
1854.800048828125,95.98999786376953
1870.199951171875,95.69999694824219
1900.699951171875,95.80000305175781
1898.5999755859375,96.04000091552734
1906.0999755859375,96.02999877929688
1909.199951171875,96.19000244140625
1925.0999755859375,97.13999938964844
1886.5,96.62000274658203
1899.4000244140625,96.70999908447266
1942.4000244140625,97.41000366210938
1920.9000244140625,97.38999938964844
1934.4000244140625,97.79000091552734
1965.0999755859375,98.6500015258789
1993.9000244140625,99.29000091552734
2040.0999755859375,99.05999755859375
1985.9000244140625,97.97000122070312
1998.0999755859375,98.51000213623047
1982.699951171875,99.12000274658203
1959.5999755859375,99.05999755859375
1928.5,99.06999969482422
1908.0,98.37999725341797
1942.0999755859375,98.01000213623047
1928.199951171875,98.2300033569336
1928.5999755859375,98.5
1920.699951171875,98.48999786376953
1936.5999755859375,98.62000274658203
1961.5999755859375,98.79000091552734
1953.800048828125,98.80999755859375
1939.5999755859375,99.08999633789062
1912.0,98.4000015258789
1933.5,97.79000091552734
1949.199951171875,98.30999755859375
1919.0999755859375,98.62999725341797
1929.199951171875,98.98999786376953
1922.9000244140625,99.47000122070312
1918.4000244140625,99.5999984741211
1933.800048828125,99.75
1941.5999755859375,99.80000305175781
1944.300048828125,99.93000030517578
1972.0999755859375,100.29000091552734
1981.0,99.87999725341797
1970.9000244140625,100.31999969482422
1982.9000244140625,100.77999877929688
1955.699951171875,100.95999908447266
1952.300048828125,100.38999938964844
1944.9000244140625,100.58000183105469
1931.0,101.22000122070312
1893.199951171875,101.75
1901.4000244140625,102.30000305175781
1885.9000244140625,102.94999694824219
1888.699951171875,103.62000274658203
1909.300048828125,102.95999908447266
1861.800048828125,103.73999786376953
1868.800048828125,103.47000122070312
1867.0,102.58999633789062
1874.0,103.75
1881.199951171875,103.66000366210938
1857.0999755859375,103.6500015258789
1839.9000244140625,103.91999816894531
1852.5999755859375,103.8499984741211
1823.800048828125,104.8499984741211
1807.4000244140625,104.55999755859375
1813.5,104.19000244140625
1818.199951171875,103.36000061035156
1815.9000244140625,103.80999755859375
1841.199951171875,102.72000122070312
1841.800048828125,103.1500015258789
1847.800048828125,102.08000183105469
1865.0999755859375,101.86000061035156
1846.199951171875,102.05999755859375
1847.4000244140625,101.83000183105469
1851.300048828125,101.66999816894531
1842.699951171875,101.75
1843.300048828125,102.55000305175781
1866.5,101.7699966430664
1845.4000244140625,102.13999938964844
1839.199951171875,102.44000244140625
1847.5,102.31999969482422
1851.9000244140625,102.54000091552734
1848.800048828125,103.22000122070312
1871.5,104.1500015258789
1828.0,105.08000183105469
1809.5,105.5199966430664
1815.300048828125,105.16000366210938
1845.699951171875,103.62999725341797
1835.5999755859375,104.69999694824219
1834.5999755859375,104.44000244140625
1834.300048828125,104.19999694824219
1825.699951171875,104.43000030517578
1826.5,104.19000244140625
1820.9000244140625,103.94000244140625
1817.5,104.51000213623047
1813.699951171875,105.11000061035156
1804.0999755859375,104.69000244140625
1798.9000244140625,105.13999938964844
1761.800048828125,106.5
1734.9000244140625,107.0999984741211
1737.9000244140625,107.12999725341797
1740.5999755859375,107.01000213623047
1730.0,108.0199966430664
1723.300048828125,108.06999969482422
1734.199951171875,107.95999908447266
1704.5,108.54000091552734
1702.4000244140625,108.05999755859375
1709.199951171875,107.37000274658203
1710.0,106.68000030517578
1699.5,107.08000183105469
1712.699951171875,106.91000366210938
1727.0999755859375,106.7300033569336
1719.0,106.4800033569336
1717.699951171875,107.19000244140625
1719.0999755859375,106.44999694824219
1750.300048828125,106.3499984741211
1762.9000244140625,105.9000015258789
1769.0,105.44999694824219
1771.0999755859375,106.23999786376953
1758.0,106.51000213623047
1788.5,105.69000244140625
1772.9000244140625,106.62000274658203
1786.800048828125,106.44000244140625
1794.0,106.37000274658203
1795.5999755859375,105.19999694824219
1789.699951171875,105.08999633789062
1798.5999755859375,105.62999725341797
1781.4000244140625,106.55000305175781
1773.199951171875,106.5
1760.300048828125,106.56999969482422
1755.300048828125,107.4800033569336
1747.5999755859375,108.16999816894531
1734.0,109.05000305175781
1746.800048828125,108.62000274658203
1747.800048828125,108.68000030517578
1757.699951171875,108.47000122070312
1736.0999755859375,108.80000305175781
1736.5999755859375,108.83999633789062
1723.199951171875,108.7699966430664
1712.800048828125,108.69999694824219
1696.5999755859375,109.69000244140625
1709.800048828125,109.52999877929688
1700.4000244140625,110.20999908447266
1715.300048828125,109.83999633789062
1708.0,109.70999908447266
1716.199951171875,109.0
1728.0999755859375,108.33000183105469
1705.0,109.81999969482422
1696.5,109.66000366210938
1665.4000244140625,109.73999786376953
1671.699951171875,109.76000213623047
1666.199951171875,109.73999786376953
1659.699951171875,110.22000122070312
1664.5999755859375,110.63999938964844
1670.800048828125,111.3499984741211
1645.300048828125,113.19000244140625
1623.300048828125,114.0999984741211
1626.699951171875,114.11000061035156
1660.4000244140625,112.5999984741211
1658.5,112.25
1662.4000244140625,112.12000274658203
1692.9000244140625,111.75
1721.0999755859375,110.06999969482422
1711.4000244140625,111.06999969482422
1711.699951171875,112.26000213623047
1700.5,112.80000305175781
1667.300048828125,113.13999938964844
1678.699951171875,113.22000122070312
1670.300048828125,113.31999969482422
1670.0,112.36000061035156
1641.699951171875,113.30999755859375
1657.0,112.04000091552734
1649.0,112.12999725341797
1627.5,112.9800033569336
1630.800048828125,112.87999725341797
1651.0,112.01000213623047
1648.699951171875,111.98999786376953
1652.800048828125,110.94999694824219
1664.0,109.69999694824219
1660.699951171875,110.58999633789062
1639.5999755859375,110.66999816894531
1635.9000244140625,111.52999877929688
1645.0,111.4800033569336
1645.699951171875,111.3499984741211
1627.300048828125,112.93000030517578
1672.5,110.87999725341797
1676.5,110.12000274658203
1712.0999755859375,109.62000274658203
1710.0999755859375,110.55000305175781
1750.300048828125,108.20999908447266
1766.0,106.29000091552734
1773.5999755859375,106.66000366210938
1773.800048828125,106.4000015258789
1773.0,106.27999877929688
1760.800048828125,106.69000244140625
1751.9000244140625,106.93000030517578
1737.4000244140625,107.83999633789062
1738.300048828125,107.22000122070312
1744.9000244140625,106.08000183105469
1753.300048828125,105.95999908447266
1740.0999755859375,106.68000030517578
1748.4000244140625,106.81999969482422
1746.0,105.94999694824219
1801.0999755859375,104.7300033569336
1795.9000244140625,104.55000305175781
1767.4000244140625,105.29000091552734
1769.300048828125,105.58000183105469
1785.5,105.0999984741211
1788.699951171875,104.7699966430664
1798.0999755859375,104.80999755859375
1780.5,105.12999725341797
1813.9000244140625,103.9800033569336
1807.5,103.7699966430664
1777.199951171875,104.55999755859375
1790.0,104.69999694824219
1787.699951171875,104.72000122070312
1815.9000244140625,103.97000122070312
1815.9000244140625,104.16000366210938
1787.0,104.43000030517578
1795.9000244140625,104.30999755859375
1814.800048828125,104.18000030517578
1807.9000244140625,104.45999908447266
1819.5,103.83999633789062
1819.699951171875,103.5199966430664
1839.699951171875,104.5199966430664
1852.800048828125,104.25
1834.800048828125,105.04000091552734
1864.199951171875,103.87999725341797
1872.699951171875,103.0
1871.5999755859375,103.23999786376953
1874.5999755859375,103.19000244140625
1895.5,102.25
1918.4000244140625,102.19999694824219
1907.199951171875,102.38999938964844
1904.4000244140625,102.36000061035156
1922.0999755859375,102.05999755859375
1926.4000244140625,102.01000213623047
1927.0999755859375,102.13999938964844
1933.9000244140625,101.91999816894531
1941.199951171875,101.63999938964844
1929.0999755859375,101.83999633789062
1928.5999755859375,101.93000030517578
1922.9000244140625,102.27999877929688
1929.5,102.0999984741211
1927.800048828125,101.22000122070312
1916.300048828125,101.75
1862.9000244140625,102.91999816894531
1866.199951171875,103.62000274658203
1871.699951171875,103.43000030517578
1877.4000244140625,103.41000366210938
1866.199951171875,103.22000122070312
1862.800048828125,103.62999725341797
1851.9000244140625,103.3499984741211
1854.0,103.2300033569336
1834.199951171875,103.91999816894531
1842.0,103.86000061035156
1840.4000244140625,103.86000061035156
1833.0,104.18000030517578
1832.0,104.58999633789062
1818.0,104.5999984741211
1808.800048828125,105.20999908447266
1817.0,104.66999816894531
1828.9000244140625,104.87000274658203
1837.699951171875,104.4800033569336
1833.5,105.02999877929688
1847.699951171875,104.5199966430664
1847.9000244140625,104.3499984741211
1813.9000244140625,105.62000274658203
1812.699951171875,105.66000366210938
1829.300048828125,105.30999755859375
1862.0,104.58000183105469
1911.699951171875,103.5999984741211
1906.199951171875,103.5999984741211
1926.5999755859375,104.6500015258789
1919.0,104.41999816894531
1969.800048828125,103.70999908447266
1979.199951171875,103.27999877929688
1938.0,103.26000213623047
1946.800048828125,102.3499984741211
1993.800048828125,102.52999877929688
1982.0999755859375,103.12000274658203
1952.4000244140625,102.86000061035156
1972.4000244140625,102.43000030517578
1966.0999755859375,102.63999938964844
1980.300048828125,102.13999938964844
1969.0,102.51000213623047
1983.9000244140625,102.08999633789062
2022.199951171875,101.58999633789062
2020.9000244140625,101.8499984741211
2011.9000244140625,101.81999969482422
1989.0999755859375,102.58000183105469
2004.800048828125,102.19999694824219
2010.9000244140625,101.5
2041.300048828125,101.01000213623047
2002.199951171875,101.55000305175781
1994.199951171875,102.0999984741211
2007.4000244140625,101.75
1995.199951171875,101.97000122070312
2007.5999755859375,101.83999633789062
1979.5,101.81999969482422
1989.0999755859375,101.3499984741211
1994.0,101.86000061035156
1985.699951171875,101.47000122070312
1989.9000244140625,101.5
1990.0999755859375,101.66999816894531
1983.4000244140625,102.1500015258789
2014.300048828125,101.95999908447266
2028.5999755859375,101.33999633789062
2048.0,101.4000015258789
2017.4000244140625,101.20999908447266
2026.300048828125,101.37000274658203
2036.199951171875,101.63999938964844
2030.5,101.4800033569336
2014.699951171875,102.05999755859375
2014.5,102.68000030517578
2018.0,102.43000030517578
1988.4000244140625,102.55999755859375
1980.699951171875,102.87999725341797
1956.5,103.58000183105469
1978.699951171875,103.19999694824219
1974.800048828125,103.19999694824219
1972.4000244140625,103.48999786376953
1962.800048828125,103.88999938964844
1943.0999755859375,104.20999908447266
1944.0999755859375,104.20999908447266
1958.0,104.16999816894531
1963.9000244140625,104.31999969482422
1978.0,103.55999755859375
1952.4000244140625,104.0199966430664
1958.0,104.0
1965.5,104.12999725341797
1942.699951171875,104.0999984741211
1963.5999755859375,103.33999633789062
1962.199951171875,103.55999755859375
1955.300048828125,103.62999725341797
1944.5999755859375,103.33999633789062
1955.300048828125,103.01000213623047
1957.800048828125,102.12000274658203
1958.4000244140625,102.30000305175781
1935.5,102.54000091552734
1933.300048828125,102.06999969482422
1912.699951171875,102.38999938964844
1919.0999755859375,102.9000015258789
1923.699951171875,102.69000244140625
1914.0,102.48999786376953
1912.300048828125,102.91000366210938
1909.199951171875,103.33999633789062
1921.0999755859375,102.91000366210938
1921.699951171875,102.98999786376953
1919.5999755859375,103.37000274658203
1908.699951171875,103.16999816894531
1926.199951171875,102.2699966430664
1925.0,101.97000122070312
1931.300048828125,101.7300033569336
1956.199951171875,100.5199966430664
1959.199951171875,99.7699966430664
1960.0999755859375,99.91000366210938
1952.4000244140625,99.83999633789062
1977.199951171875,99.94000244140625
1977.5,100.27999877929688
1968.300048828125,100.87999725341797
1964.300048828125,101.06999969482422
1960.300048828125,101.3499984741211
1962.0999755859375,101.3499984741211
1968.9000244140625,100.88999938964844
1945.4000244140625,101.7699966430664
1960.4000244140625,101.62000274658203
1970.5,101.86000061035156
1940.699951171875,102.30000305175781
1937.4000244140625,102.58999633789062
1932.0,102.54000091552734
1939.5999755859375,102.0199966430664
1933.5,102.05000305175781
1924.0999755859375,102.52999877929688
1915.4000244140625,102.48999786376953
1914.4000244140625,102.5199966430664
1912.9000244140625,102.83999633789062
1910.5999755859375,103.19000244140625
1902.5,103.20999908447266
1896.0999755859375,103.41999816894531
1884.0999755859375,103.44000244140625
1886.0999755859375,103.37999725341797
1893.300048828125,103.33000183105469
1896.4000244140625,103.55999755859375
1918.5,103.36000061035156
1918.199951171875,103.9800033569336
1911.0999755859375,104.08000183105469
1917.9000244140625,104.05999755859375
1936.5,103.55000305175781
1944.300048828125,103.16000366210938
1938.199951171875,103.62000274658203
1939.800048828125,104.23999786376953
1926.199951171875,104.80999755859375
1918.0999755859375,104.86000061035156
1917.5,105.05999755859375
1918.4000244140625,105.08999633789062
1923.300048828125,104.56999969482422
1911.300048828125,104.70999908447266
1909.0999755859375,104.7699966430664
1910.0,105.41000366210938
1923.699951171875,105.31999969482422
1931.5,105.19999694824219
1932.0,105.19999694824219
1945.5999755859375,105.16000366210938
1919.199951171875,105.36000061035156
1925.4000244140625,105.58000183105469
1916.5999755859375,106.0
1900.4000244140625,106.2300033569336
1871.5999755859375,106.66999816894531
1860.4000244140625,106.22000122070312
1848.0999755859375,106.16999816894531
1830.0,106.9000015258789
1824.5999755859375,107.0
1818.5,106.80000305175781
1816.5999755859375,106.33000183105469
1830.199951171875,106.04000091552734
1849.5,106.08000183105469
1861.0,105.83000183105469
1872.800048828125,105.81999969482422
1869.300048828125,106.56999969482422
1927.4000244140625,106.6500015258789
1921.0999755859375,106.23999786376953
1922.699951171875,106.25
1955.300048828125,106.56999969482422
1968.4000244140625,106.25
1982.5,106.16000366210938
1976.300048828125,105.54000091552734
1975.0,106.2699966430664
1984.0999755859375,106.52999877929688
1987.199951171875,106.5999984741211
1988.5999755859375,106.55999755859375
1996.199951171875,106.12000274658203
1985.199951171875,106.66000366210938
1978.800048828125,106.87999725341797
1985.5999755859375,106.12000274658203
1991.5,105.0199966430664
1981.5999755859375,105.22000122070312
1966.800048828125,105.54000091552734
1951.5,105.58999633789062
1964.199951171875,105.91000366210938
1932.5999755859375,105.86000061035156
1945.5,105.66000366210938
1961.800048828125,104.11000061035156
1960.0999755859375,104.38999938964844
1983.9000244140625,104.37000274658203
1981.5999755859375,103.81999969482422
1977.699951171875,103.47000122070312
1999.300048828125,103.58999633789062
1991.4000244140625,103.91999816894531
2002.199951171875,103.4000015258789
2011.800048828125,103.19999694824219
2039.699951171875,102.75
2047.0999755859375,102.7699966430664
2038.0999755859375,103.5
2071.0,103.2699966430664
2024.0999755859375,103.63999938964844
2018.5,104.05000305175781
2030.5,104.1500015258789
2029.9000244140625,103.54000091552734
1998.300048828125,104.01000213623047
1978.0,104.0999984741211
1977.800048828125,103.87000274658203
1982.300048828125,102.87000274658203
2030.199951171875,101.95999908447266
2021.0999755859375,102.55000305175781
2026.300048828125,102.51000213623047
2038.4000244140625,102.16999816894531
2034.5,102.41000366210938
2039.0999755859375,101.83999633789062
2057.10009765625,101.69999694824219
2058.199951171875,101.47000122070312
2081.89990234375,100.98999786376953
2073.89990234375,101.2300033569336
2062.39990234375,101.33000183105469
2064.39990234375,102.19999694824219
2034.199951171875,102.45999908447266
2042.300048828125,102.41999816894531
2042.4000244140625,102.41000366210938
2026.5999755859375,102.20999908447266
2026.4000244140625,102.56999969482422
2021.699951171875,102.36000061035156
2014.300048828125,102.29000091552734
2046.699951171875,102.4000015258789
2026.0,103.36000061035156
2002.5999755859375,103.44999694824219
2018.5999755859375,103.54000091552734
2026.5,103.29000091552734
2019.800048828125,103.33000183105469
2023.699951171875,103.62000274658203
2013.9000244140625,103.23999786376953
2016.9000244140625,103.56999969482422
2016.800048828125,103.47000122070312
2025.199951171875,103.61000061035156
2031.5,103.4000015258789
2048.39990234375,103.2699966430664
2053.0,103.05000305175781
2036.0999755859375,103.91999816894531
2025.699951171875,104.44999694824219
2034.5,104.18000030517578
2035.199951171875,104.04000091552734
2032.199951171875,104.1500015258789
2023.300048828125,104.08000183105469
2018.199951171875,104.16999816894531
1992.9000244140625,104.95999908447266
1990.300048828125,104.72000122070312
2002.0999755859375,104.30000305175781
2011.5,104.27999877929688
2027.5,104.08000183105469
2022.300048828125,104.01000213623047
2019.699951171875,103.95999908447266
2038.5999755859375,103.94000244140625
2028.5,103.83000183105469
2034.0,103.83000183105469
2033.0,103.9800033569336
2045.699951171875,104.16000366210938
2086.89990234375,103.86000061035156
2117.699951171875,103.83000183105469
2133.5,103.80000305175781
2150.300048828125,103.37000274658203
2158.0,102.81999969482422
2178.60009765625,102.73999786376953
2182.5,102.87000274658203
2160.39990234375,102.95999908447266
2175.39990234375,102.79000091552734
2163.0,103.36000061035156
2157.300048828125,103.43000030517578
2160.699951171875,103.58000183105469
2156.300048828125,103.80999755859375
2157.89990234375,103.41000366210938
2182.39990234375,104.0
2158.10009765625,104.43000030517578
2174.800048828125,104.2300033569336
2175.60009765625,104.29000091552734
2190.60009765625,104.3499984741211
2217.39990234375,104.55000305175781
2236.5,105.0199966430664
2261.0,104.81999969482422
2294.39990234375,104.25
2288.800048828125,104.12000274658203
2325.699951171875,104.30000305175781
2331.699951171875,104.13999938964844
2343.5,104.1500015258789
2329.60009765625,105.25
2354.800048828125,105.27999877929688
2356.199951171875,106.04000091552734
2365.800048828125,106.20999908447266
2390.800048828125,106.26000213623047
2371.699951171875,105.94999694824219
2382.300048828125,106.1500015258789
2398.39990234375,106.1500015258789
2332.199951171875,106.08000183105469
2327.699951171875,105.69000244140625
2324.5,105.86000061035156
2329.800048828125,105.5999984741211
2334.800048828125,105.94000244140625
2345.39990234375,105.58000183105469
2291.39990234375,106.22000122070312
2299.89990234375,105.76000213623047
2299.199951171875,105.30000305175781
2299.0,105.02999877929688
2321.60009765625,105.05000305175781
2315.199951171875,105.41000366210938
2313.60009765625,105.55000305175781
2332.10009765625,105.2300033569336
2367.300048828125,105.30999755859375
2336.10009765625,105.22000122070312
2353.39990234375,105.01000213623047
2388.699951171875,104.3499984741211
2380.0,104.45999908447266
2412.199951171875,104.44999694824219
2433.89990234375,104.56999969482422
2421.699951171875,104.66000366210938
2389.199951171875,104.94000244140625
2335.0,105.11000061035156
2332.5,104.72000122070312
2355.199951171875,104.61000061035156
2340.300048828125,105.0999984741211
2342.89990234375,104.72000122070312
2322.89990234375,104.66999816894531
2346.60009765625,104.13999938964844
2325.5,104.11000061035156
2354.10009765625,104.2699966430664
2370.300048828125,104.0999984741211
2305.199951171875,104.88999938964844
2307.699951171875,105.1500015258789
2307.5,105.2300033569336
2336.0,104.6500015258789
2300.199951171875,105.19999694824219
2331.39990234375,105.55000305175781
2312.39990234375,105.31999969482422
2330.39990234375,105.26000213623047
2353.800048828125,105.58999633789062
2316.39990234375,105.80000305175781
2330.0,105.47000122070312
2316.60009765625,105.61000061035156
2299.199951171875,106.05000305175781
2324.5,105.91000366210938
2327.699951171875,105.87000274658203
2327.60009765625,105.9000015258789
2323.0,105.72000122070312
2359.800048828125,105.4000015258789
2388.5,104.87999725341797
2355.199951171875,105.01000213623047
2360.10009765625,105.12000274658203
2372.199951171875,105.05000305175781
2415.0,104.44000244140625
2414.0,104.08999633789062
2422.89990234375,104.19000244140625
2462.39990234375,104.2699966430664
2454.800048828125,103.75
2451.800048828125,104.16999816894531
2395.5,104.4000015258789
2392.0,104.30999755859375
2404.60009765625,104.44999694824219
2413.300048828125,104.38999938964844
2351.89990234375,104.36000061035156
2380.0,104.31999969482422
2377.300048828125,104.55999755859375
2405.0,104.55000305175781
2426.5,104.0999984741211
2435.0,104.41999816894531
2425.699951171875,103.20999908447266
2401.699951171875,102.69000244140625
2389.10009765625,102.97000122070312
2390.5,103.19999694824219
2422.199951171875,103.20999908447266
2432.10009765625,103.13999938964844
2462.39990234375,103.13999938964844
2466.699951171875,102.55999755859375
2439.39990234375,102.56999969482422
2453.10009765625,102.9800033569336
2498.60009765625,102.45999908447266
2501.800048828125,101.88999938964844
2511.300048828125,101.44000244140625
2508.39990234375,101.04000091552734
2478.89990234375,101.51000213623047
2508.39990234375,100.72000122070312
2517.699951171875,100.8499984741211
2516.0,100.55000305175781
2501.0,101.08999633789062
2525.699951171875,101.33999633789062
2493.800048828125,101.69999694824219
2489.89990234375,101.83000183105469
2493.39990234375,101.36000061035156
2511.39990234375,101.11000061035156
2493.5,101.18000030517578
2501.800048828125,101.55000305175781
2512.300048828125,101.62999725341797
2512.10009765625,101.68000030517578
2551.199951171875,101.37000274658203
2581.300048828125,101.11000061035156
2580.39990234375,100.76000213623047
2564.300048828125,100.88999938964844
2570.699951171875,100.5999984741211
2588.0,100.61000061035156
2619.89990234375,100.72000122070312
2626.5,100.91999816894531
2651.199951171875,100.37000274658203
2659.199951171875,100.91999816894531
2669.89990234375,100.55999755859375
2644.300048828125,100.41999816894531
2636.10009765625,100.77999877929688
2667.300048828125,101.19000244140625
2647.10009765625,101.68000030517578
2657.10009765625,101.98999786376953
2645.800048828125,102.5199966430664
2644.800048828125,102.54000091552734
2615.0,102.55000305175781
2606.0,102.93000030517578
2620.60009765625,102.98999786376953
2657.60009765625,102.88999938964844
2647.800048828125,103.30000305175781
2661.39990234375,103.26000213623047
2674.0,103.58999633789062
2691.0,103.83000183105469
2713.699951171875,103.48999786376953
2723.10009765625,104.01000213623047
2744.199951171875,104.08000183105469
2714.39990234375,104.43000030517578
2734.89990234375,104.05999755859375
2740.89990234375,104.26000213623047
2742.89990234375,104.31999969482422
2768.39990234375,104.27999877929688
2788.5,103.98999786376953
2738.300048828125,103.9800033569336
2738.60009765625,104.27999877929688
2736.10009765625,103.88999938964844
2740.300048828125,103.41999816894531
2667.60009765625,105.08999633789062
2698.39990234375,104.51000213623047
2687.5,105.0
2611.199951171875,105.54000091552734
2600.0,106.0199966430664
2580.800048828125,106.4800033569336
2568.199951171875,106.66999816894531
2565.699951171875,106.69000244140625
2610.60009765625,106.27999877929688
2627.10009765625,106.20999908447266
2648.199951171875,106.68000030517578
2672.10009765625,106.97000122070312
2709.89990234375,107.48999786376953
2616.800048828125,106.81999969482422
2620.300048828125,107.01000213623047
2639.89990234375,106.08000183105469
2657.0,105.73999786376953
2634.89990234375,106.44999694824219
2644.699951171875,106.37000274658203
2653.800048828125,106.33999633789062
2626.60009765625,105.70999908447266
2638.60009765625,105.97000122070312
2664.89990234375,106.1500015258789
2697.60009765625,106.4000015258789
2733.800048828125,106.70999908447266
2687.5,106.95999908447266
2656.0,107.0
2651.39990234375,106.86000061035156
2644.39990234375,106.95999908447266
2636.5,108.02999877929688
2592.199951171875,108.41000366210938
2628.699951171875,107.62000274658203
2612.300048828125,108.04000091552734
2620.0,108.26000213623047
2638.800048828125,108.12999725341797
2617.199951171875,108.0
2606.10009765625,108.12999725341797
2629.199951171875,108.48999786376953
2658.89990234375,109.38999938964844
2645.0,108.94999694824219
2638.39990234375,108.26000213623047
2656.699951171875,108.54000091552734
2664.5,109.08999633789062
2683.800048828125,109.18000030517578
2708.5,109.6500015258789
2673.5,109.95999908447266
2677.5,109.2699966430664
2712.5,109.08999633789062
2746.39990234375,108.95999908447266
2744.300048828125,109.3499984741211
2755.0,108.05999755859375
2767.60009765625,108.16999816894531
2763.10009765625,108.05000305175781
2777.300048828125,107.44000244140625
2737.5,107.33999633789062
2766.800048828125,107.87000274658203
2769.10009765625,108.0
2823.0,107.80000305175781
2812.5,108.37000274658203
2833.89990234375,108.98999786376953
2853.300048828125,107.95999908447266
2871.60009765625,107.58000183105469
2856.0,107.69000244140625
2867.300048828125,108.04000091552734
2914.300048828125,108.31999969482422
2912.5,107.95999908447266
2909.0,107.94000244140625
2925.89990234375,107.30999755859375
2883.60009765625,106.56999969482422
2931.60009765625,107.05000305175781
2919.39990234375,107.16999816894531
2940.0,106.33999633789062
2937.60009765625,106.61000061035156
2947.89990234375,106.5999984741211
2904.5,106.30999755859375
2916.800048828125,106.41999816894531
2883.199951171875,107.23999786376953
2836.800048828125,107.61000061035156
2890.199951171875,106.75
2909.60009765625,105.73999786376953
2915.300048828125,105.73999786376953
2916.60009765625,104.05999755859375
2904.699951171875,103.83999633789062
2891.0,103.91000366210938
2912.89990234375,103.44000244140625
2939.10009765625,103.61000061035156
2984.300048828125,103.83000183105469
2994.5,103.72000122070312
3000.0,103.37000274658203
3035.10009765625,103.23999786376953
3035.89990234375,103.43000030517578
3040.0,103.8499984741211
3018.199951171875,104.08999633789062
3013.10009765625,104.26000213623047
3023.699951171875,104.18000030517578
3020.89990234375,104.55000305175781
3060.199951171875,104.06999969482422
3086.5,104.04000091552734
3122.800048828125,104.20999908447266
3118.89990234375,104.26000213623047
3139.89990234375,103.80999755859375
3097.0,102.06999969482422
3012.0,103.0199966430664
2951.300048828125,103.26000213623047
2968.39990234375,102.95999908447266
3056.5,102.9000015258789
3155.199951171875,100.87000274658203
3222.199951171875,99.77999877929688
3204.800048828125,99.63999938964844
3218.699951171875,100.22000122070312
3326.60009765625,99.37999725341797
3308.699951171875,99.37999725341797
3406.199951171875,98.27999877929688
3400.800048828125,98.91999816894531
3276.300048828125,99.83999633789062
3332.0,99.29000091552734
3282.39990234375,99.47000122070312
3332.5,99.01000213623047
3318.800048828125,99.23999786376953
3305.0,99.47000122070312
3210.0,100.25
3231.89990234375,100.0
3311.300048828125,99.83000183105469
3411.39990234375,99.23999786376953
3381.39990234375,99.61000061035156
3296.60009765625,100.63999938964844
3335.39990234375,100.33999633789062
3220.0,101.79000091552734
3240.300048828125,101.0
3181.39990234375,101.04000091552734
3220.699951171875,100.87999725341797
3182.0,101.08999633789062
3228.89990234375,100.43000030517578
3280.300048828125,100.12000274658203
3309.300048828125,99.55999755859375
3292.300048828125,99.95999908447266
3363.60009765625,99.11000061035156
3299.10009765625,99.5199966430664
3293.60009765625,99.87999725341797
3317.10009765625,99.27999877929688
3288.89990234375,99.33000183105469
3370.60009765625,98.69999694824219
3350.199951171875,99.25
3373.5,98.79000091552734
3350.699951171875,98.73999786376953
3322.699951171875,99.19000244140625
3332.10009765625,98.94000244140625
3320.89990234375,99.05000305175781
3321.300048828125,98.62999725341797
3380.89990234375,97.91999816894531
3431.199951171875,98.18000030517578
3396.39990234375,98.0
3386.60009765625,98.81999969482422
3389.800048828125,98.91000366210938
3368.10009765625,98.70999908447266
3377.699951171875,98.41999816894531
3317.39990234375,97.86000061035156
3327.10009765625,97.68000030517578
3333.5,97.1500015258789
3273.699951171875,97.4000015258789
3294.39990234375,96.87999725341797
3336.699951171875,96.81999969482422
3348.0,96.77999877929688
3331.60009765625,97.18000030517578
3332.199951171875,97.4800033569336
3307.0,97.51000213623047
3311.60009765625,97.47000122070312
3317.39990234375,97.6500015258789
3356.0,97.8499984741211
3351.5,98.08000183105469
3329.800048828125,98.62000274658203
3352.5,98.38999938964844
3340.10009765625,98.7300033569336
3353.0,98.4800033569336
3401.89990234375,97.8499984741211
3439.199951171875,97.38999938964844
3394.10009765625,97.20999908447266
3371.0,97.37999725341797
3334.0,97.6500015258789
3309.10009765625,98.66000366210938
3323.39990234375,98.91000366210938
3295.800048828125,99.94000244140625
3293.199951171875,100.02999877929688
3347.699951171875,98.69000244140625
3374.39990234375,98.77999877929688
3381.89990234375,98.77999877929688
3380.0,98.18000030517578
3400.300048828125,98.4000015258789
3439.10009765625,98.18000030517578
3353.10009765625,98.5199966430664
3348.89990234375,98.0999984741211
3358.699951171875,97.83999633789062
3335.199951171875,98.25
3336.0,97.8499984741211
3331.699951171875,98.16999816894531
3313.39990234375,98.2699966430664
3343.39990234375,98.22000122070312
3336.89990234375,98.62000274658203
3374.39990234375,97.72000122070312
3373.800048828125,98.43000030517578
3388.60009765625,98.2300033569336
3404.60009765625,98.2300033569336
3431.800048828125,97.80999755859375
3473.699951171875,97.7699966430664
3549.39990234375,98.4000015258789
3593.199951171875,98.13999938964844
3565.800048828125,98.3499984741211
3613.199951171875,97.7699966430664
3638.10009765625,97.44999694824219
3643.300048828125,97.79000091552734
3643.60009765625,97.77999877929688
3636.89990234375,97.54000091552734
3649.39990234375,97.55000305175781
3682.199951171875,97.30000305175781
3688.89990234375,96.62999725341797
3681.800048828125,96.87000274658203
3643.699951171875,97.3499984741211
3671.5,97.63999938964844
3740.699951171875,97.33000183105469
3780.60009765625,97.26000213623047
3732.10009765625,97.87000274658203
3736.89990234375,98.55000305175781
3775.300048828125,98.1500015258789
3820.89990234375,97.91000366210938
3840.800048828125,97.7699966430664
3867.5,97.70999908447266
3839.699951171875,97.8499984741211
3880.800048828125,97.72000122070312
3948.5,98.11000061035156
3976.60009765625,98.58000183105469
4043.300048828125,98.8499984741211
3946.300048828125,99.54000091552734
3975.89990234375,98.9800033569336
4108.60009765625,99.2699966430664
4138.7001953125,99.05000305175781
4176.89990234375,98.79000091552734
4280.2001953125,98.38999938964844
4189.89990234375,98.43000030517578
4336.39990234375,98.58999633789062
4087.699951171875,98.93000030517578
4044.39990234375,98.9000015258789
4125.5,98.94000244140625
4118.39990234375,98.94999694824219
4001.89990234375,98.77999877929688
3966.199951171875,98.69000244140625
3983.699951171875,99.22000122070312
4001.300048828125,99.52999877929688
3982.199951171875,99.80000305175781
4000.300048828125,99.87000274658203
3947.699951171875,100.22000122070312
3980.300048828125,100.19999694824219
3979.89990234375,99.7300033569336
3999.39990234375,99.5999984741211
4111.7998046875,99.62000274658203
4106.7998046875,99.45999908447266
4204.39990234375,99.4800033569336
4186.89990234375,99.18000030517578
4087.60009765625,99.2699966430664
4068.300048828125,99.58999633789062
4061.300048828125,99.55000305175781
4077.699951171875,100.2300033569336
4056.5,100.16000366210938
4076.699951171875,100.18000030517578
4091.89990234375,100.13999938964844
4139.2001953125,99.66000366210938
4165.2001953125,99.5999984741211
4218.2998046875,99.45999908447266
4239.2998046875,99.41000366210938
4186.60009765625,99.36000061035156
4199.2998046875,98.8499984741211
4211.7998046875,98.98999786376953
4212.89990234375,98.98999786376953
4187.2001953125,99.08999633789062
4206.7001953125,99.22000122070312
4196.39990234375,98.79000091552734
4285.5,98.3499984741211
4300.10009765625,98.4000015258789
4306.7001953125,98.1500015258789
4304.5,98.1500015258789
4347.5,98.37000274658203
4339.5,98.43000030517578
4361.39990234375,98.5999984741211
4444.60009765625,98.29000091552734
4482.7998046875,97.94000244140625
4480.60009765625,97.9800033569336
4529.10009765625,98.0199966430664
4325.10009765625,98.04000091552734
4370.10009765625,98.23999786376953
